<?xml version="1.0" encoding="UTF-8"?>
<GenRun Id="impl_1" LaunchPart="xc7a35tcpg236-1" LaunchTime="1756011880">
  <File Type="REPORTS-TCL" Name="Oversample_x2_CmodA7_reports.tcl"/>
  <File Type="ROUTE-PWR-SUM" Name="Oversample_x2_CmodA7_power_summary_routed.pb"/>
  <File Type="BITSTR-MMI" Name="Oversample_x2_CmodA7.mmi"/>
  <File Type="OPT-DRC" Name="Oversample_x2_CmodA7_drc_opted.rpt"/>
  <File Type="BG-DRC" Name="Oversample_x2_CmodA7.drc"/>
  <File Type="ROUTE-STATUS-PB" Name="Oversample_x2_CmodA7_route_status.pb"/>
  <File Type="BG-BGN" Name="Oversample_x2_CmodA7.bgn"/>
  <File Type="PLACE-UTIL" Name="Oversample_x2_CmodA7_utilization_placed.rpt"/>
  <File Type="PLACE-UTIL-PB" Name="Oversample_x2_CmodA7_utilization_placed.pb"/>
  <File Type="PLACE-IO" Name="Oversample_x2_CmodA7_io_placed.rpt"/>
  <File Type="BG-BIN" Name="Oversample_x2_CmodA7.bin"/>
  <File Type="PLACE-CTRL" Name="Oversample_x2_CmodA7_control_sets_placed.rpt"/>
  <File Type="ROUTE-PWR-RPX" Name="Oversample_x2_CmodA7_power_routed.rpx"/>
  <File Type="BITSTR-MSK" Name="Oversample_x2_CmodA7.msk"/>
  <File Type="BITSTR-RBT" Name="Oversample_x2_CmodA7.rbt"/>
  <File Type="ROUTE-TIMINGSUMMARY" Name="Oversample_x2_CmodA7_timing_summary_routed.rpt"/>
  <File Type="ROUTE-TIMING-RPX" Name="Oversample_x2_CmodA7_timing_summary_routed.rpx"/>
  <File Type="ROUTE-STATUS" Name="Oversample_x2_CmodA7_route_status.rpt"/>
  <File Type="PA-TCL" Name="Oversample_x2_CmodA7.tcl"/>
  <File Type="ROUTE-PWR" Name="Oversample_x2_CmodA7_power_routed.rpt"/>
  <File Type="ROUTE-DRC" Name="Oversample_x2_CmodA7_drc_routed.rpt"/>
  <File Type="ROUTE-DRC-RPX" Name="Oversample_x2_CmodA7_drc_routed.rpx"/>
  <File Type="ROUTE-DRC-PB" Name="Oversample_x2_CmodA7_drc_routed.pb"/>
  <File Type="BITSTR-SYSDEF" Name="Oversample_x2_CmodA7.sysdef"/>
  <File Type="ROUTE-METHODOLOGY-DRC" Name="Oversample_x2_CmodA7_methodology_drc_routed.rpt"/>
  <File Type="ROUTE-METHODOLOGY-DRC-RPX" Name="Oversample_x2_CmodA7_methodology_drc_routed.rpx"/>
  <File Type="BITSTR-LTX" Name="debug_nets.ltx"/>
  <File Type="BITSTR-LTX" Name="Oversample_x2_CmodA7.ltx"/>
  <File Type="ROUTE-METHODOLOGY-DRC-PB" Name="Oversample_x2_CmodA7_methodology_drc_routed.pb"/>
  <File Type="ROUTE-SIMILARITY" Name="Oversample_x2_CmodA7_incremental_reuse_routed.rpt"/>
  <File Type="RDI-RDI" Name="Oversample_x2_CmodA7.vdi"/>
  <File Type="ROUTE-CLK" Name="Oversample_x2_CmodA7_clock_utilization_routed.rpt"/>
  <File Type="ROUTE-BUS-SKEW" Name="Oversample_x2_CmodA7_bus_skew_routed.rpt"/>
  <File Type="ROUTE-BUS-SKEW-RPX" Name="Oversample_x2_CmodA7_bus_skew_routed.rpx"/>
  <File Type="ROUTE-BUS-SKEW-PB" Name="Oversample_x2_CmodA7_bus_skew_routed.pb"/>
  <File Type="POSTROUTE-PHYSOPT-TIMING" Name="Oversample_x2_CmodA7_timing_summary_postroute_physopted.rpt"/>
  <File Type="POSTROUTE-PHYSOPT-TIMING-RPX" Name="Oversample_x2_CmodA7_timing_summary_postroute_physopted.rpx"/>
  <File Type="POSTROUTE-PHYSOPT-TIMING-PB" Name="Oversample_x2_CmodA7_timing_summary_postroute_physopted.pb"/>
  <File Type="POSTROUTE-PHYSOPT-BUS-SKEW" Name="Oversample_x2_CmodA7_bus_skew_postroute_physopted.rpt"/>
  <File Type="POSTROUTE-PHYSOPT-BUS-SKEW-RPX" Name="Oversample_x2_CmodA7_bus_skew_postroute_physopted.rpx"/>
  <File Type="BG-BIT" Name="Oversample_x2_CmodA7.bit"/>
  <File Type="POSTROUTE-PHYSOPT-BUS-SKEW-PB" Name="Oversample_x2_CmodA7_bus_skew_postroute_physopted.pb"/>
  <File Type="BITSTR-NKY" Name="Oversample_x2_CmodA7.nky"/>
  <File Type="BITSTR-BMM" Name="Oversample_x2_CmodA7_bd.bmm"/>
  <File Type="WBT-USG" Name="usage_statistics_webtalk.html"/>
  <File Type="OPT-HWDEF" Name="Oversample_x2_CmodA7.hwdef"/>
  <File Type="PLACE-PRE-SIMILARITY" Name="Oversample_x2_CmodA7_incremental_reuse_pre_placed.rpt"/>
  <File Type="ROUTE-DCP" Name="Oversample_x2_CmodA7_routed.dcp"/>
  <File Type="ROUTE-ERROR-DCP" Name="Oversample_x2_CmodA7_routed_error.dcp"/>
  <File Type="ROUTE-BLACKBOX-DCP" Name="Oversample_x2_CmodA7_routed_bb.dcp"/>
  <File Type="ROUTE-TIMING-PB" Name="Oversample_x2_CmodA7_timing_summary_routed.pb"/>
  <File Type="OPT-DCP" Name="Oversample_x2_CmodA7_opt.dcp"/>
  <File Type="PLACE-DCP" Name="Oversample_x2_CmodA7_placed.dcp"/>
  <File Type="PWROPT-DCP" Name="Oversample_x2_CmodA7_pwropt.dcp"/>
  <File Type="POSTPLACE-PWROPT-DCP" Name="Oversample_x2_CmodA7_postplace_pwropt.dcp"/>
  <File Type="PHYSOPT-DCP" Name="Oversample_x2_CmodA7_physopt.dcp"/>
  <File Type="POSTROUTE-PHYSOPT-DCP" Name="Oversample_x2_CmodA7_postroute_physopt.dcp"/>
  <File Type="POSTROUTE-PHYSOPT-BLACKBOX-DCP" Name="Oversample_x2_CmodA7_postroute_physopt_bb.dcp"/>
  <File Type="PDI-FILE" Name="Oversample_x2_CmodA7.pdi"/>
  <File Type="BOOT-PDI-FILE" Name="Oversample_x2_CmodA7_boot.pdi"/>
  <File Type="PL-PDI-FILE" Name="Oversample_x2_CmodA7_pld.pdi"/>
  <File Type="RCFI_FILE" Name="Oversample_x2_CmodA7.rcfi"/>
  <File Type="CFI_FILE" Name="Oversample_x2_CmodA7.cfi"/>
  <File Type="RNPI_FILE" Name="Oversample_x2_CmodA7.rnpi"/>
  <File Type="NPI_FILE" Name="Oversample_x2_CmodA7.npi"/>
  <File Type="RBD_FILE" Name="Oversample_x2_CmodA7.rbd"/>
  <File Type="ROUTE-RQS" Name="Oversample_x2_CmodA7_routed.rqs"/>
  <File Type="POSTROUTE-PHYSOPT-RQS" Name="Oversample_x2_CmodA7_postroute_physopted.rqs"/>
  <File Type="ROUTE-RQS-RPT" Name="route_report_qor_suggestions_0.rpt"/>
  <File Type="POSTROUTE-PHYSOPT-RQS-RPT" Name="postroute_physopt_report_qor_suggestions_0.rpt"/>
  <File Type="MMI-FILE" Name="Oversample_x2_CmodA7.mmi"/>
  <File Type="BIF-FILE" Name="Oversample_x2_CmodA7.bif"/>
  <File Type="BOOT-BIF-FILE" Name="Oversample_x2_CmodA7_boot.bif"/>
  <File Type="PL-BIF-FILE" Name="Oversample_x2_CmodA7_pld.bif"/>
  <File Type="LTX-FILE" Name="Oversample_x2_CmodA7.ltx"/>
  <File Type="BOOT-LTX-FILE" Name="Oversample_x2_CmodA7_boot.ltx"/>
  <File Type="PL-LTX-FILE" Name="Oversample_x2_CmodA7_pld.ltx"/>
  <File Type="RCDO-FILE" Name="Oversample_x2_CmodA7.rcdo"/>
  <File Type="MARKER-RCDO-FILE" Name="Oversample_x2_CmodA7_markers.rcdo"/>
  <File Type="PL-RCDO-FILE" Name="Oversample_x2_CmodA7_pld.rcdo"/>
  <File Type="MARKER-RNPI-FILE" Name="Oversample_x2_CmodA7_markers.rnpi"/>
  <File Type="BOOT_RNPI_FILE" Name="Oversample_x2_CmodA7_boot.rnpi"/>
  <File Type="PL_RNPI_FILE" Name="Oversample_x2_CmodA7_pld.rnpi"/>
  <File Type="BOOT_MARKER_RNPI_FILE" Name="Oversample_x2_CmodA7_boot_markers.rnpi"/>
  <File Type="PL_MARKER_RNPI_FILE" Name="Oversample_x2_CmodA7_pld_markers.rnpi"/>
  <File Type="PL_MASK_RNPI_FILE" Name="Oversample_x2_CmodA7_pld_mask.rnpi"/>
  <File Type="PL_SHUTDOWN_RNPI_FILE" Name="Oversample_x2_CmodA7_pld_shutdown.rnpi"/>
  <File Type="PL_UNMASK_RNPI_FILE" Name="Oversample_x2_CmodA7_pld_unmask.rnpi"/>
  <File Type="PL-CLEAR-RCDO-FILE" Name="Oversample_x2_CmodA7_pld_clear.rcdo"/>
  <File Type="PL_MARKER_RCDO_FILE" Name="Oversample_x2_CmodA7_pld_markers.rcdo"/>
  <File Type="PL_MASK_RCDO_FILE" Name="Oversample_x2_CmodA7_pld_mask.rcdo"/>
  <File Type="PL_UNMASK_MARKER_RCDO_FILE" Name="Oversample_x2_CmodA7_pld_unmask_markers.rcdo"/>
  <File Type="PL_UNMASK_RCDO_FILE" Name="Oversample_x2_CmodA7_pld_unmask.rcdo"/>
  <FileSet Name="sources" Type="DesignSrcs" RelSrcDir="$PSRCDIR/sources_1" RelGenDir="$PGENDIR/sources_1">
    <Filter Type="Srcs"/>
    <File Path="$PSRCDIR/sources_1/imports/SRC/06_ADD/ADD.v">
      <FileInfo>
        <Attr Name="ImportPath" Val="$PPRDIR/../../../../../../../../Documents/Oversample_x2_Cmod-A7/SRC/06_ADD/ADD.v"/>
        <Attr Name="ImportTime" Val="1750527531"/>
        <Attr Name="UsedIn" Val="synthesis"/>
        <Attr Name="UsedIn" Val="implementation"/>
        <Attr Name="UsedIn" Val="simulation"/>
      </FileInfo>
    </File>
    <File Path="$PSRCDIR/sources_1/imports/SRC/ARESETN_SYNC.v">
      <FileInfo>
        <Attr Name="ImportPath" Val="$PPRDIR/../../../../../../../../Documents/Oversample_x2_Cmod-A7/SRC/ARESETN_SYNC.v"/>
        <Attr Name="ImportTime" Val="1750603618"/>
        <Attr Name="UsedIn" Val="synthesis"/>
        <Attr Name="UsedIn" Val="implementation"/>
        <Attr Name="UsedIn" Val="simulation"/>
      </FileInfo>
    </File>
    <File Path="$PSRCDIR/sources_1/imports/SRC/02_DATA_BUFFER/DATA_BUFFER.v">
      <FileInfo>
        <Attr Name="ImportPath" Val="$PPRDIR/../../../../../../../../Documents/Oversample_x2_Cmod-A7/SRC/02_DATA_BUFFER/DATA_BUFFER.v"/>
        <Attr Name="ImportTime" Val="1755984101"/>
        <Attr Name="UsedIn" Val="synthesis"/>
        <Attr Name="UsedIn" Val="implementation"/>
        <Attr Name="UsedIn" Val="simulation"/>
      </FileInfo>
    </File>
    <File Path="$PSRCDIR/sources_1/imports/SRC/01_DPRAM_CONT/DPRAM_CONT.v">
      <FileInfo>
        <Attr Name="ImportPath" Val="$PPRDIR/../../../../../../../../Documents/Oversample_x2_Cmod-A7/SRC/01_DPRAM_CONT/DPRAM_CONT.v"/>
        <Attr Name="ImportTime" Val="1750526559"/>
        <Attr Name="UsedIn" Val="synthesis"/>
        <Attr Name="UsedIn" Val="implementation"/>
        <Attr Name="UsedIn" Val="simulation"/>
      </FileInfo>
    </File>
    <File Path="$PSRCDIR/sources_1/imports/SRC/04_FIR_COEF/FIR_COEF.v">
      <FileInfo>
        <Attr Name="ImportPath" Val="$PPRDIR/../../../../../../../../Documents/Oversample_x2_Cmod-A7/SRC/04_FIR_COEF/FIR_COEF.v"/>
        <Attr Name="ImportTime" Val="1750526784"/>
        <Attr Name="UsedIn" Val="synthesis"/>
        <Attr Name="UsedIn" Val="implementation"/>
        <Attr Name="UsedIn" Val="simulation"/>
      </FileInfo>
    </File>
    <File Path="$PSRCDIR/sources_1/imports/SRC/07_FIR_x2/FIR_x2.v">
      <FileInfo>
        <Attr Name="ImportPath" Val="$PPRDIR/../../../../../../../../Documents/Oversample_x2_Cmod-A7/SRC/07_FIR_x2/FIR_x2.v"/>
        <Attr Name="ImportTime" Val="1755982540"/>
        <Attr Name="UsedIn" Val="synthesis"/>
        <Attr Name="UsedIn" Val="implementation"/>
        <Attr Name="UsedIn" Val="simulation"/>
      </FileInfo>
    </File>
    <File Path="$PSRCDIR/sources_1/imports/SRC/I2S_PCM_BCLK.v">
      <FileInfo>
        <Attr Name="ImportPath" Val="$PPRDIR/../../../../../../../../Documents/Oversample_x2_Cmod-A7/SRC/I2S_PCM_BCLK.v"/>
        <Attr Name="ImportTime" Val="1750602998"/>
        <Attr Name="UsedIn" Val="synthesis"/>
        <Attr Name="UsedIn" Val="implementation"/>
        <Attr Name="UsedIn" Val="simulation"/>
      </FileInfo>
    </File>
    <File Path="$PSRCDIR/sources_1/imports/SRC/05_MULT/MULT.v">
      <FileInfo>
        <Attr Name="ImportPath" Val="$PPRDIR/../../../../../../../../Documents/Oversample_x2_Cmod-A7/SRC/05_MULT/MULT.v"/>
        <Attr Name="ImportTime" Val="1750527440"/>
        <Attr Name="UsedIn" Val="synthesis"/>
        <Attr Name="UsedIn" Val="implementation"/>
        <Attr Name="UsedIn" Val="simulation"/>
      </FileInfo>
    </File>
    <File Path="$PSRCDIR/sources_1/imports/SRC/PCM_I2S_MCLK.v">
      <FileInfo>
        <Attr Name="ImportPath" Val="$PPRDIR/../../../../../../../../Documents/Oversample_x2_Cmod-A7/SRC/PCM_I2S_MCLK.v"/>
        <Attr Name="ImportTime" Val="1750914728"/>
        <Attr Name="UsedIn" Val="synthesis"/>
        <Attr Name="UsedIn" Val="implementation"/>
        <Attr Name="UsedIn" Val="simulation"/>
      </FileInfo>
    </File>
    <File Path="$PSRCDIR/sources_1/imports/SRC/PCM_MCLK_SYNC.v">
      <FileInfo>
        <Attr Name="ImportPath" Val="$PPRDIR/../../../../../../../../Documents/Oversample_x2_Cmod-A7/SRC/PCM_MCLK_SYNC.v"/>
        <Attr Name="ImportTime" Val="1750603039"/>
        <Attr Name="UsedIn" Val="synthesis"/>
        <Attr Name="UsedIn" Val="implementation"/>
        <Attr Name="UsedIn" Val="simulation"/>
      </FileInfo>
    </File>
    <File Path="$PSRCDIR/sources_1/imports/SRC/02_DATA_BUFFER/SDPRAM_SINGLECLK.v">
      <FileInfo>
        <Attr Name="ImportPath" Val="$PPRDIR/../../../../../../../../Documents/Oversample_x2_Cmod-A7/SRC/02_DATA_BUFFER/SDPRAM_SINGLECLK.v"/>
        <Attr Name="ImportTime" Val="1750492857"/>
        <Attr Name="UsedIn" Val="synthesis"/>
        <Attr Name="UsedIn" Val="implementation"/>
        <Attr Name="UsedIn" Val="simulation"/>
      </FileInfo>
    </File>
    <File Path="$PSRCDIR/sources_1/imports/SRC/04_FIR_COEF/SPROM.v">
      <FileInfo>
        <Attr Name="ImportPath" Val="$PPRDIR/../../../../../../../../Documents/Oversample_x2_Cmod-A7/SRC/04_FIR_COEF/SPROM.v"/>
        <Attr Name="ImportTime" Val="1750493391"/>
        <Attr Name="UsedIn" Val="synthesis"/>
        <Attr Name="UsedIn" Val="implementation"/>
        <Attr Name="UsedIn" Val="simulation"/>
      </FileInfo>
    </File>
    <File Path="$PSRCDIR/sources_1/imports/SRC/03_SPROM_CONT/SPROM_CONT.v">
      <FileInfo>
        <Attr Name="ImportPath" Val="$PPRDIR/../../../../../../../../Documents/Oversample_x2_Cmod-A7/SRC/03_SPROM_CONT/SPROM_CONT.v"/>
        <Attr Name="ImportTime" Val="1750526681"/>
        <Attr Name="UsedIn" Val="synthesis"/>
        <Attr Name="UsedIn" Val="implementation"/>
        <Attr Name="UsedIn" Val="simulation"/>
      </FileInfo>
    </File>
    <File Path="$PSRCDIR/sources_1/imports/SRC/Oversample_x2_CmodA7.v">
      <FileInfo>
        <Attr Name="ImportPath" Val="$PPRDIR/../../../../../../../../Documents/Oversample_x2_Cmod-A7/SRC/Oversample_x2_CmodA7.v"/>
        <Attr Name="ImportTime" Val="1755990642"/>
        <Attr Name="UsedIn" Val="synthesis"/>
        <Attr Name="UsedIn" Val="implementation"/>
        <Attr Name="UsedIn" Val="simulation"/>
      </FileInfo>
    </File>
    <File Path="$PSRCDIR/sources_1/imports/SRC/08_data/BUFFER_INIT.data">
      <FileInfo>
        <Attr Name="ImportPath" Val="$PPRDIR/../../../../../../../../Documents/Oversample_x2_Cmod-A7/SRC/08_data/BUFFER_INIT.data"/>
        <Attr Name="ImportTime" Val="1750489535"/>
        <Attr Name="UsedIn" Val="synthesis"/>
        <Attr Name="UsedIn" Val="simulation"/>
      </FileInfo>
    </File>
    <File Path="$PSRCDIR/sources_1/imports/SRC/08_data/FIR512.data">
      <FileInfo>
        <Attr Name="ImportPath" Val="$PPRDIR/../../../../../../../../Documents/Oversample_x2_Cmod-A7/SRC/08_data/FIR512.data"/>
        <Attr Name="ImportTime" Val="1750489535"/>
        <Attr Name="UsedIn" Val="synthesis"/>
        <Attr Name="UsedIn" Val="simulation"/>
      </FileInfo>
    </File>
    <Config>
      <Option Name="DesignMode" Val="RTL"/>
      <Option Name="TopModule" Val="Oversample_x2_CmodA7"/>
      <Option Name="TopAutoSet" Val="TRUE"/>
    </Config>
  </FileSet>
  <FileSet Name="constrs_in" Type="Constrs" RelSrcDir="$PSRCDIR/constrs_1" RelGenDir="$PGENDIR/constrs_1">
    <Filter Type="Constrs"/>
    <File Path="$PSRCDIR/constrs_1/imports/constrs_1/imports/digilent-xdc-master/Cmod-A7-Master.xdc">
      <FileInfo>
        <Attr Name="ImportPath" Val="D:/Document/Vitis/CMOD_A7/Oversample_x2_Cmod_A7/Oversample_x2_Cmod_A7.srcs/constrs_1/imports/digilent-xdc-master/Cmod-A7-Master.xdc"/>
        <Attr Name="ImportTime" Val="1737255123"/>
        <Attr Name="UsedIn" Val="synthesis"/>
        <Attr Name="UsedIn" Val="implementation"/>
      </FileInfo>
    </File>
    <File Path="$PSRCDIR/constrs_1/imports/constrs_1/imports/SRC/Oversample.sdc">
      <FileInfo>
        <Attr Name="ImportPath" Val="D:/Document/Vitis/CMOD_A7/Oversample_x2_Cmod_A7/Oversample_x2_Cmod_A7.srcs/constrs_1/imports/SRC/Oversample.sdc"/>
        <Attr Name="ImportTime" Val="1737528372"/>
        <Attr Name="UsedIn" Val="synthesis"/>
        <Attr Name="UsedIn" Val="implementation"/>
      </FileInfo>
    </File>
    <File Path="$PSRCDIR/constrs_1/imports/constrs_1/new/FIR_x2.xdc">
      <FileInfo>
        <Attr Name="ImportPath" Val="D:/Document/Vitis/CMOD_A7/Oversample_x2_Cmod_A7/Oversample_x2_Cmod_A7.srcs/constrs_1/new/FIR_x2.xdc"/>
        <Attr Name="ImportTime" Val="1737257074"/>
        <Attr Name="UsedIn" Val="synthesis"/>
        <Attr Name="UsedIn" Val="implementation"/>
      </FileInfo>
    </File>
    <Config>
      <Option Name="TargetConstrsFile" Val="$PSRCDIR/constrs_1/imports/constrs_1/new/FIR_x2.xdc"/>
      <Option Name="ConstrsType" Val="XDC"/>
    </Config>
  </FileSet>
  <FileSet Name="utils" Type="Utils" RelSrcDir="$PSRCDIR/utils_1" RelGenDir="$PGENDIR/utils_1">
    <Filter Type="Utils"/>
    <File Path="$PSRCDIR/utils_1/imports/synth_1/Oversample_x2_CmodA7.dcp">
      <FileInfo>
        <Attr Name="UsedIn" Val="synthesis"/>
        <Attr Name="UsedIn" Val="implementation"/>
        <Attr Name="UsedInSteps" Val="synth_1"/>
        <Attr Name="AutoDcp" Val="1"/>
      </FileInfo>
    </File>
    <Config>
      <Option Name="TopAutoSet" Val="TRUE"/>
    </Config>
  </FileSet>
  <Strategy Version="1" Minor="2">
    <StratHandle Name="Vivado Implementation Defaults" Flow="Vivado Implementation 2025"/>
    <Step Id="init_design"/>
    <Step Id="opt_design"/>
    <Step Id="power_opt_design"/>
    <Step Id="place_design"/>
    <Step Id="post_place_power_opt_design"/>
    <Step Id="phys_opt_design"/>
    <Step Id="route_design"/>
    <Step Id="post_route_phys_opt_design"/>
    <Step Id="write_bitstream"/>
    <Step Id="write_device_image"/>
  </Strategy>
</GenRun>
