<?xml version="1.0" encoding="UTF-8"?>
<GenRun Id="impl_1" LaunchPart="xc7s25csga225-1" LaunchTime="1737216360">
  <File Type="ROUTE-PWR" Name="Oversample_x2_power_routed.rpt"/>
  <File Type="PA-TCL" Name="Oversample_x2.tcl"/>
  <File Type="ROUTE-PWR-SUM" Name="Oversample_x2_power_summary_routed.pb"/>
  <File Type="REPORTS-TCL" Name="Oversample_x2_reports.tcl"/>
  <File Type="BITSTR-MSK" Name="Oversample_x2.msk"/>
  <File Type="ROUTE-CLK" Name="Oversample_x2_clock_utilization_routed.rpt"/>
  <File Type="RDI-RDI" Name="Oversample_x2.vdi"/>
  <File Type="POSTROUTE-PHYSOPT-BUS-SKEW-PB" Name="Oversample_x2_bus_skew_postroute_physopted.pb"/>
  <File Type="BG-BIT" Name="Oversample_x2.bit"/>
  <File Type="BG-DRC" Name="Oversample_x2.drc"/>
  <File Type="BG-BGN" Name="Oversample_x2.bgn"/>
  <File Type="BG-BIN" Name="Oversample_x2.bin"/>
  <File Type="BITSTR-RBT" Name="Oversample_x2.rbt"/>
  <File Type="BITSTR-NKY" Name="Oversample_x2.nky"/>
  <File Type="BITSTR-BMM" Name="Oversample_x2_bd.bmm"/>
  <File Type="BITSTR-MMI" Name="Oversample_x2.mmi"/>
  <File Type="ROUTE-METHODOLOGY-DRC" Name="Oversample_x2_methodology_drc_routed.rpt"/>
  <File Type="BITSTR-SYSDEF" Name="Oversample_x2.sysdef"/>
  <File Type="BITSTR-LTX" Name="debug_nets.ltx"/>
  <File Type="BITSTR-LTX" Name="Oversample_x2.ltx"/>
  <File Type="WBT-USG" Name="usage_statistics_webtalk.html"/>
  <File Type="OPT-DRC" Name="Oversample_x2_drc_opted.rpt"/>
  <File Type="OPT-HWDEF" Name="Oversample_x2.hwdef"/>
  <File Type="PLACE-IO" Name="Oversample_x2_io_placed.rpt"/>
  <File Type="PLACE-UTIL" Name="Oversample_x2_utilization_placed.rpt"/>
  <File Type="PLACE-UTIL-PB" Name="Oversample_x2_utilization_placed.pb"/>
  <File Type="PLACE-CTRL" Name="Oversample_x2_control_sets_placed.rpt"/>
  <File Type="PLACE-PRE-SIMILARITY" Name="Oversample_x2_incremental_reuse_pre_placed.rpt"/>
  <File Type="ROUTE-DRC" Name="Oversample_x2_drc_routed.rpt"/>
  <File Type="ROUTE-DRC-PB" Name="Oversample_x2_drc_routed.pb"/>
  <File Type="ROUTE-PWR-RPX" Name="Oversample_x2_power_routed.rpx"/>
  <File Type="ROUTE-STATUS" Name="Oversample_x2_route_status.rpt"/>
  <File Type="ROUTE-STATUS-PB" Name="Oversample_x2_route_status.pb"/>
  <File Type="ROUTE-DCP" Name="Oversample_x2_routed.dcp"/>
  <File Type="ROUTE-ERROR-DCP" Name="Oversample_x2_routed_error.dcp"/>
  <File Type="ROUTE-BLACKBOX-DCP" Name="Oversample_x2_routed_bb.dcp"/>
  <File Type="ROUTE-TIMINGSUMMARY" Name="Oversample_x2_timing_summary_routed.rpt"/>
  <File Type="ROUTE-TIMING-PB" Name="Oversample_x2_timing_summary_routed.pb"/>
  <File Type="ROUTE-TIMING-RPX" Name="Oversample_x2_timing_summary_routed.rpx"/>
  <File Type="ROUTE-SIMILARITY" Name="Oversample_x2_incremental_reuse_routed.rpt"/>
  <File Type="ROUTE-BUS-SKEW" Name="Oversample_x2_bus_skew_routed.rpt"/>
  <File Type="ROUTE-BUS-SKEW-PB" Name="Oversample_x2_bus_skew_routed.pb"/>
  <File Type="ROUTE-BUS-SKEW-RPX" Name="Oversample_x2_bus_skew_routed.rpx"/>
  <File Type="OPT-DCP" Name="Oversample_x2_opt.dcp"/>
  <File Type="PLACE-DCP" Name="Oversample_x2_placed.dcp"/>
  <File Type="PWROPT-DCP" Name="Oversample_x2_pwropt.dcp"/>
  <File Type="POSTPLACE-PWROPT-DCP" Name="Oversample_x2_postplace_pwropt.dcp"/>
  <File Type="PHYSOPT-DCP" Name="Oversample_x2_physopt.dcp"/>
  <File Type="POSTROUTE-PHYSOPT-DCP" Name="Oversample_x2_postroute_physopt.dcp"/>
  <File Type="POSTROUTE-PHYSOPT-BLACKBOX-DCP" Name="Oversample_x2_postroute_physopt_bb.dcp"/>
  <File Type="POSTROUTE-PHYSOPT-TIMING" Name="Oversample_x2_timing_summary_postroute_physopted.rpt"/>
  <File Type="POSTROUTE-PHYSOPT-TIMING-PB" Name="Oversample_x2_timing_summary_postroute_physopted.pb"/>
  <File Type="POSTROUTE-PHYSOPT-TIMING-RPX" Name="Oversample_x2_timing_summary_postroute_physopted.rpx"/>
  <File Type="POSTROUTE-PHYSOPT-BUS-SKEW" Name="Oversample_x2_bus_skew_postroute_physopted.rpt"/>
  <File Type="POSTROUTE-PHYSOPT-BUS-SKEW-RPX" Name="Oversample_x2_bus_skew_postroute_physopted.rpx"/>
  <File Type="ROUTE-METHODOLOGY-DRC-PB" Name="Oversample_x2_methodology_drc_routed.pb"/>
  <File Type="ROUTE-DRC-RPX" Name="Oversample_x2_drc_routed.rpx"/>
  <File Type="ROUTE-METHODOLOGY-DRC-RPX" Name="Oversample_x2_methodology_drc_routed.rpx"/>
  <File Type="PDI-FILE" Name="Oversample_x2.pdi"/>
  <File Type="BOOT-PDI-FILE" Name="Oversample_x2_boot.pdi"/>
  <File Type="PL-PDI-FILE" Name="Oversample_x2_pld.pdi"/>
  <File Type="RCFI_FILE" Name="Oversample_x2.rcfi"/>
  <File Type="CFI_FILE" Name="Oversample_x2.cfi"/>
  <File Type="RNPI_FILE" Name="Oversample_x2.rnpi"/>
  <File Type="NPI_FILE" Name="Oversample_x2.npi"/>
  <File Type="RBD_FILE" Name="Oversample_x2.rbd"/>
  <File Type="ROUTE-RQS" Name="Oversample_x2_routed.rqs"/>
  <File Type="POSTROUTE-PHYSOPT-RQS" Name="Oversample_x2_postroute_physopted.rqs"/>
  <File Type="ROUTE-RQS-RPT" Name="route_report_qor_suggestions_0.rpt"/>
  <File Type="POSTROUTE-PHYSOPT-RQS-RPT" Name="postroute_physopt_report_qor_suggestions_0.rpt"/>
  <FileSet Name="sources" Type="DesignSrcs" RelSrcDir="$PSRCDIR/sources_1" RelGenDir="$PGENDIR/sources_1">
    <Filter Type="Srcs"/>
    <File Path="$PSRCDIR/sources_1/imports/FIR_x2-SRC/06_ADD/ADD.v">
      <FileInfo>
        <Attr Name="ImportPath" Val="D:/Document/Vitis/CMOD_S7/Oversample_x2_Cmod_S7/FIR_x2-SRC/06_ADD/ADD.v"/>
        <Attr Name="ImportTime" Val="1737198060"/>
        <Attr Name="UsedIn" Val="synthesis"/>
        <Attr Name="UsedIn" Val="implementation"/>
        <Attr Name="UsedIn" Val="simulation"/>
      </FileInfo>
    </File>
    <File Path="$PSRCDIR/sources_1/imports/FIR_x2-SRC/02_DATA_BUFFER/DATA_BUFFER.v">
      <FileInfo>
        <Attr Name="ImportPath" Val="D:/Document/Vitis/CMOD_S7/Oversample_x2_Cmod_S7/FIR_x2-SRC/02_DATA_BUFFER/DATA_BUFFER.v"/>
        <Attr Name="ImportTime" Val="1737198060"/>
        <Attr Name="UsedIn" Val="synthesis"/>
        <Attr Name="UsedIn" Val="implementation"/>
        <Attr Name="UsedIn" Val="simulation"/>
      </FileInfo>
    </File>
    <File Path="$PSRCDIR/sources_1/imports/FIR_x2-SRC/01_DPRAM_CONT/DPRAM_CONT.v">
      <FileInfo>
        <Attr Name="ImportPath" Val="D:/Document/Vitis/CMOD_S7/Oversample_x2_Cmod_S7/FIR_x2-SRC/01_DPRAM_CONT/DPRAM_CONT.v"/>
        <Attr Name="ImportTime" Val="1737198060"/>
        <Attr Name="UsedIn" Val="synthesis"/>
        <Attr Name="UsedIn" Val="implementation"/>
        <Attr Name="UsedIn" Val="simulation"/>
      </FileInfo>
    </File>
    <File Path="$PSRCDIR/sources_1/imports/FIR_x2-SRC/04_FIR_COEF/FIR_COEF.v">
      <FileInfo>
        <Attr Name="ImportPath" Val="D:/Document/Vitis/CMOD_S7/Oversample_x2_Cmod_S7/FIR_x2-SRC/04_FIR_COEF/FIR_COEF.v"/>
        <Attr Name="ImportTime" Val="1737198060"/>
        <Attr Name="UsedIn" Val="synthesis"/>
        <Attr Name="UsedIn" Val="implementation"/>
        <Attr Name="UsedIn" Val="simulation"/>
      </FileInfo>
    </File>
    <File Path="$PSRCDIR/sources_1/imports/FIR_x2-SRC/07_FIR_x2/FIR_x2.v">
      <FileInfo>
        <Attr Name="ImportPath" Val="D:/Document/Vitis/CMOD_S7/Oversample_x2_Cmod_S7/FIR_x2-SRC/07_FIR_x2/FIR_x2.v"/>
        <Attr Name="ImportTime" Val="1737198060"/>
        <Attr Name="UsedIn" Val="synthesis"/>
        <Attr Name="UsedIn" Val="implementation"/>
        <Attr Name="UsedIn" Val="simulation"/>
      </FileInfo>
    </File>
    <File Path="$PSRCDIR/sources_1/imports/SRC/I2S_PCM_CONVERTER.v">
      <FileInfo>
        <Attr Name="ImportPath" Val="D:/Document/Vitis/CMOD_S7/Oversample_x2_Cmod_S7/SRC/I2S_PCM_CONVERTER.v"/>
        <Attr Name="ImportTime" Val="1737203211"/>
        <Attr Name="UsedIn" Val="synthesis"/>
        <Attr Name="UsedIn" Val="implementation"/>
        <Attr Name="UsedIn" Val="simulation"/>
      </FileInfo>
    </File>
    <File Path="$PSRCDIR/sources_1/imports/FIR_x2-SRC/05_MULT/MULT.v">
      <FileInfo>
        <Attr Name="ImportPath" Val="D:/Document/Vitis/CMOD_S7/Oversample_x2_Cmod_S7/FIR_x2-SRC/05_MULT/MULT.v"/>
        <Attr Name="ImportTime" Val="1737198060"/>
        <Attr Name="UsedIn" Val="synthesis"/>
        <Attr Name="UsedIn" Val="implementation"/>
        <Attr Name="UsedIn" Val="simulation"/>
      </FileInfo>
    </File>
    <File Path="$PSRCDIR/sources_1/imports/SRC/PCM_RJ16_CONV.v">
      <FileInfo>
        <Attr Name="ImportPath" Val="D:/Document/Vitis/CMOD_S7/Oversample_x2_Cmod_S7/SRC/PCM_RJ16_CONV.v"/>
        <Attr Name="ImportTime" Val="1737203211"/>
        <Attr Name="UsedIn" Val="synthesis"/>
        <Attr Name="UsedIn" Val="implementation"/>
        <Attr Name="UsedIn" Val="simulation"/>
      </FileInfo>
    </File>
    <File Path="$PSRCDIR/sources_1/imports/FIR_x2-SRC/02_DATA_BUFFER/SDPRAM_SINGLECLK.v">
      <FileInfo>
        <Attr Name="ImportPath" Val="D:/Document/Vitis/CMOD_S7/Oversample_x2_Cmod_S7/FIR_x2-SRC/02_DATA_BUFFER/SDPRAM_SINGLECLK.v"/>
        <Attr Name="ImportTime" Val="1737198060"/>
        <Attr Name="UsedIn" Val="synthesis"/>
        <Attr Name="UsedIn" Val="implementation"/>
        <Attr Name="UsedIn" Val="simulation"/>
      </FileInfo>
    </File>
    <File Path="$PSRCDIR/sources_1/imports/FIR_x2-SRC/04_FIR_COEF/SPROM.v">
      <FileInfo>
        <Attr Name="ImportPath" Val="D:/Document/Vitis/CMOD_S7/Oversample_x2_Cmod_S7/FIR_x2-SRC/04_FIR_COEF/SPROM.v"/>
        <Attr Name="ImportTime" Val="1737198060"/>
        <Attr Name="UsedIn" Val="synthesis"/>
        <Attr Name="UsedIn" Val="implementation"/>
        <Attr Name="UsedIn" Val="simulation"/>
      </FileInfo>
    </File>
    <File Path="$PSRCDIR/sources_1/imports/FIR_x2-SRC/03_SPROM_CONT/SPROM_CONT.v">
      <FileInfo>
        <Attr Name="ImportPath" Val="D:/Document/Vitis/CMOD_S7/Oversample_x2_Cmod_S7/FIR_x2-SRC/03_SPROM_CONT/SPROM_CONT.v"/>
        <Attr Name="ImportTime" Val="1737198060"/>
        <Attr Name="UsedIn" Val="synthesis"/>
        <Attr Name="UsedIn" Val="implementation"/>
        <Attr Name="UsedIn" Val="simulation"/>
      </FileInfo>
    </File>
    <File Path="$PSRCDIR/sources_1/imports/SRC/Oversample_x2.v">
      <FileInfo>
        <Attr Name="ImportPath" Val="D:/Document/Vitis/CMOD_S7/Oversample_x2_Cmod_S7/SRC/Oversample_x2.v"/>
        <Attr Name="ImportTime" Val="1737203211"/>
        <Attr Name="UsedIn" Val="synthesis"/>
        <Attr Name="UsedIn" Val="implementation"/>
        <Attr Name="UsedIn" Val="simulation"/>
      </FileInfo>
    </File>
    <File Path="$PSRCDIR/sources_1/imports/SRC/FIR128_x2_48000.data">
      <FileInfo>
        <Attr Name="ImportPath" Val="D:/Document/Vitis/CMOD_S7/Oversample_x2_Cmod_S7/SRC/FIR128_x2_48000.data"/>
        <Attr Name="ImportTime" Val="1737198061"/>
        <Attr Name="UsedIn" Val="synthesis"/>
        <Attr Name="UsedIn" Val="simulation"/>
      </FileInfo>
    </File>
    <File Path="$PSRCDIR/sources_1/imports/SRC/FIR512_x2_48000.data">
      <FileInfo>
        <Attr Name="ImportPath" Val="D:/Document/Vitis/CMOD_S7/Oversample_x2_Cmod_S7/SRC/FIR512_x2_48000.data"/>
        <Attr Name="ImportTime" Val="1737198061"/>
        <Attr Name="UsedIn" Val="synthesis"/>
        <Attr Name="UsedIn" Val="simulation"/>
      </FileInfo>
    </File>
    <File Path="$PSRCDIR/sources_1/imports/SRC/FIR256_x2_48000.data">
      <FileInfo>
        <Attr Name="ImportPath" Val="D:/Document/Vitis/CMOD_S7/Oversample_x2_Cmod_S7/SRC/FIR256_x2_48000.data"/>
        <Attr Name="ImportTime" Val="1737198061"/>
        <Attr Name="UsedIn" Val="synthesis"/>
        <Attr Name="UsedIn" Val="simulation"/>
      </FileInfo>
    </File>
    <File Path="$PSRCDIR/sources_1/imports/SRC/BUFFER_INIT.data">
      <FileInfo>
        <Attr Name="ImportPath" Val="D:/Document/Vitis/CMOD_S7/Oversample_x2_Cmod_S7/SRC/BUFFER_INIT.data"/>
        <Attr Name="ImportTime" Val="1737198061"/>
        <Attr Name="UsedIn" Val="synthesis"/>
        <Attr Name="UsedIn" Val="simulation"/>
      </FileInfo>
    </File>
    <Config>
      <Option Name="DesignMode" Val="RTL"/>
      <Option Name="TopModule" Val="Oversample_x2"/>
      <Option Name="TopAutoSet" Val="TRUE"/>
    </Config>
  </FileSet>
  <FileSet Name="constrs_in" Type="Constrs" RelSrcDir="$PSRCDIR/constrs_1" RelGenDir="$PGENDIR/constrs_1">
    <Filter Type="Constrs"/>
    <File Path="$PSRCDIR/constrs_1/imports/digilent-xdc-master/Cmod-S7-25-Master.xdc">
      <FileInfo>
        <Attr Name="ImportPath" Val="$PPRDIR/../../../../../../../../Downloads/digilent-xdc-master/digilent-xdc-master/Cmod-S7-25-Master.xdc"/>
        <Attr Name="ImportTime" Val="1737199426"/>
        <Attr Name="UsedIn" Val="synthesis"/>
        <Attr Name="UsedIn" Val="implementation"/>
      </FileInfo>
    </File>
    <File Path="$PSRCDIR/constrs_1/imports/SRC/Oversample.sdc">
      <FileInfo>
        <Attr Name="ImportPath" Val="D:/Document/Vitis/CMOD_S7/Oversample_x2_Cmod_S7/SRC/Oversample.sdc"/>
        <Attr Name="ImportTime" Val="1737207179"/>
        <Attr Name="UsedIn" Val="synthesis"/>
        <Attr Name="UsedIn" Val="implementation"/>
      </FileInfo>
    </File>
    <File Path="$PSRCDIR/constrs_1/new/FIR_x2.xdc">
      <FileInfo>
        <Attr Name="UsedIn" Val="synthesis"/>
        <Attr Name="UsedIn" Val="implementation"/>
      </FileInfo>
    </File>
    <Config>
      <Option Name="ConstrsType" Val="XDC"/>
    </Config>
  </FileSet>
  <FileSet Name="utils" Type="Utils" RelSrcDir="$PSRCDIR/utils_1" RelGenDir="$PGENDIR/utils_1">
    <Filter Type="Utils"/>
    <File Path="$PSRCDIR/utils_1/imports/synth_1/Oversample_x2.dcp">
      <FileInfo>
        <Attr Name="UsedIn" Val="synthesis"/>
        <Attr Name="UsedIn" Val="implementation"/>
        <Attr Name="UsedInSteps" Val="synth_1"/>
        <Attr Name="AutoDcp" Val="1"/>
      </FileInfo>
    </File>
    <Config>
      <Option Name="TopAutoSet" Val="TRUE"/>
    </Config>
  </FileSet>
  <Strategy Version="1" Minor="2">
    <StratHandle Name="Vivado Implementation Defaults" Flow="Vivado Implementation 2024"/>
    <Step Id="init_design"/>
    <Step Id="opt_design"/>
    <Step Id="power_opt_design"/>
    <Step Id="place_design"/>
    <Step Id="post_place_power_opt_design"/>
    <Step Id="phys_opt_design"/>
    <Step Id="route_design"/>
    <Step Id="post_route_phys_opt_design"/>
    <Step Id="write_bitstream">
      <Option Id="BinFile">1</Option>
    </Step>
    <Step Id="write_device_image"/>
  </Strategy>
</GenRun>
