
# Efinity Pinout Report
# Version: 2025.1.110.2.15
# Date: 2025-06-29 19:00

# Copyright (C) 2013 - 2025 Efinix Inc. All rights reserved.

# Device: T20F256
# Package status: final
# Project: Oversample_x2_T20F256DevKit
# Configuration mode: active (x1)

Pin Number,Pin Name,Signal Name,Direction,Bank,I/O Bank Voltage,I/O Standard,Pull Type,Function
A1,GND,,Power,,,,,Ground
A2,GPIOL_50,,Input,1D_1E,3.3 V,,weak pullup,User IO
A3,GPIOL_57,,Input,1D_1E,3.3 V,,weak pullup,User IO
A4,GPIOL_59,,Input,1D_1E,3.3 V,,weak pullup,User IO
A5,GND,,Power,,,,,Ground
A6,GPIOL_65,,Input,1D_1E,3.3 V,,weak pullup,User IO
A7,GPIOL_62,,Input,1D_1E,3.3 V,,weak pullup,User IO
A8,GPIOL_66_CDI12,,Input,1D_1E,3.3 V,,weak pullup,User IO
A9,GPIOR_78_EXTFB0_CDI31,,Input,3A_3B_3C,3.3 V,,weak pullup,User IO
A10,GPIOR_79_EXTFB1_CDI30,,Input,3A_3B_3C,3.3 V,,weak pullup,User IO
A11,GPIOR_84,,Input,3A_3B_3C,3.3 V,,weak pullup,User IO
A12,GND,,Power,,,,,Ground
A13,GPIOR_95_CDI26,,Input,3A_3B_3C,3.3 V,,weak pullup,User IO
A14,GPIOR_90,,Input,3A_3B_3C,3.3 V,,weak pullup,User IO
A15,GPIOR_94_CDI27,,Input,3A_3B_3C,3.3 V,,weak pullup,User IO
A16,GND,,Power,,,,,Ground
B1,GPIOL_44,,Input,1D_1E,3.3 V,,weak pullup,User IO
B2,GPIOL_45,,Input,1D_1E,3.3 V,,weak pullup,User IO
B3,GPIOL_52,,Input,1D_1E,3.3 V,,weak pullup,User IO
B4,GPIOL_53_CDI10,,Input,1D_1E,3.3 V,,weak pullup,User IO
B5,GPIOL_61,,Input,1D_1E,3.3 V,,weak pullup,User IO
B6,GPIOL_64,,Input,1D_1E,3.3 V,,weak pullup,User IO
B7,GPIOL_63,,Input,1D_1E,3.3 V,,weak pullup,User IO
B8,GPIOL_71_NSTATUS,,Input,1D_1E,3.3 V,,weak pullup,User IO/Configuration
B9,GPIOR_80,,Input,3A_3B_3C,3.3 V,,weak pullup,User IO
B10,GPIOR_82,,Input,3A_3B_3C,3.3 V,,weak pullup,User IO
B11,GPIOR_83,,Input,3A_3B_3C,3.3 V,,weak pullup,User IO
B12,GPIOR_93,,Input,3A_3B_3C,3.3 V,,weak pullup,User IO
B13,GPIOR_97,,Input,3A_3B_3C,3.3 V,,weak pullup,User IO
B14,GPIOR_92,,Input,3A_3B_3C,3.3 V,,weak pullup,User IO
B15,GPIOR_98,,Input,3A_3B_3C,3.3 V,,weak pullup,User IO
B16,GPIOR_106,,Input,3A_3B_3C,3.3 V,,weak pullup,User IO
C1,GPIOL_33_CTRL5,,Input,1B_1C,3.3 V,,weak pullup,User IO/GCTRL
C2,GPIOL_41_CDI9,,Input,1B_1C,3.3 V,,weak pullup,User IO
C3,GPIOL_48,,Input,1D_1E,3.3 V,,weak pullup,User IO
C4,GPIOL_51,,Input,1D_1E,3.3 V,,weak pullup,User IO
C5,GPIOL_67_CDI13,,Input,1D_1E,3.3 V,,weak pullup,User IO
C6,GPIOL_58,,Input,1D_1E,3.3 V,,weak pullup,User IO
C7,GPIOL_70_CBSEL0,,Input,1D_1E,3.3 V,,weak pullup,User IO
C8,GPIOL_72_EXTFB0_CDI14,,Input,1D_1E,3.3 V,,weak pullup,User IO
C9,GPIOR_76_PLLIN0,,Input,3A_3B_3C,3.3 V,,weak pullup,User IO/PLL_CLKIN
C10,GPIOR_81_MREFCLK,,Input,3A_3B_3C,3.3 V,,weak pullup,User IO
C11,GPIOR_86,,Input,3A_3B_3C,3.3 V,,weak pullup,User IO
C12,GPIOR_85,,Input,3A_3B_3C,3.3 V,,weak pullup,User IO
C13,GPIOR_99,,Input,3A_3B_3C,3.3 V,,weak pullup,User IO
C14,GPIOR_102,,Input,3A_3B_3C,3.3 V,,weak pullup,User IO
C15,GPIOR_112_CDI23,,Input,3A_3B_3C,3.3 V,,weak pullup,User IO
C16,GPIOR_108,,Input,3A_3B_3C,3.3 V,,weak pullup,User IO
D1,GPIOL_36,,Input,1B_1C,3.3 V,,weak pullup,User IO
D2,GND,,Power,,,,,Ground
D3,GPIOL_46,,Input,1D_1E,3.3 V,,weak pullup,User IO
D4,GPIOL_47,,Input,1D_1E,3.3 V,,weak pullup,User IO
D5,GPIOL_49,,Input,1D_1E,3.3 V,,weak pullup,User IO
D6,GPIOL_54_CDI11,,Input,1D_1E,3.3 V,,weak pullup,User IO
D7,GPIOL_69_CBSEL1,,Input,1D_1E,3.3 V,,weak pullup,User IO
D8,GPIOL_73_EXTFB1_CDI15,,Input,1D_1E,3.3 V,,weak pullup,User IO
D9,GPIOL_74_PLLIN0,,Input,1D_1E,3.3 V,,weak pullup,User IO/PLL_CLKIN
D10,GPIOR_77_PLLIN1,,Input,3A_3B_3C,3.3 V,,weak pullup,User IO/PLL_CLKIN
D11,GPIOR_87_CDI29,,Input,3A_3B_3C,3.3 V,,weak pullup,User IO
D12,GPIOR_89,,Input,3A_3B_3C,3.3 V,,weak pullup,User IO
D13,GPIOR_103,,Input,3A_3B_3C,3.3 V,,weak pullup,User IO
D14,GPIOR_104_CDI25,,Input,3A_3B_3C,3.3 V,,weak pullup,User IO
D15,GND,,Power,,,,,Ground
D16,GPIOR_116_CTRL15,,Input,3A_3B_3C,3.3 V,,weak pullup,User IO/GCTRL
E1,GPIOL_37,,Input,1B_1C,3.3 V,,weak pullup,User IO
E2,GPIOL_34_CTRL6,,Input,1B_1C,3.3 V,,weak pullup,User IO/GCTRL
E3,GPIOL_39,,Input,1B_1C,3.3 V,,weak pullup,User IO
E4,GPIOL_55,,Input,1D_1E,3.3 V,,weak pullup,User IO
E5,GPIOL_60,,Input,1D_1E,3.3 V,,weak pullup,User IO
E6,GPIOL_56,,Input,1D_1E,3.3 V,,weak pullup,User IO
E7,GPIOL_68,,Input,1D_1E,3.3 V,,weak pullup,User IO
E8,GPIOL_75_PLLIN1,,Input,1D_1E,3.3 V,,weak pullup,User IO/PLL_CLKIN
E9,VCC,,Power,,,,,1.2 V VCC Power
E10,VCCIO3A_3B_3C,,Power,3A_3B_3C,3.3 V,,,VCCIO Power
E11,GPIOR_88_CDI28,,Input,3A_3B_3C,3.3 V,,weak pullup,User IO
E12,GPIOR_91,,Input,3A_3B_3C,3.3 V,,weak pullup,User IO
E13,GPIOR_105_CDI24,,Input,3A_3B_3C,3.3 V,,weak pullup,User IO
E14,GPIOR_110,,Input,3A_3B_3C,3.3 V,,weak pullup,User IO
E15,GPIOR_120_CLK15,BCLK_I,Input,3A_3B_3C,3.3 V,3.3 V LVTTL / LVCMOS,,User IO/GCLK
E16,GPIOR_119_CTRL12,,Input,3A_3B_3C,3.3 V,,weak pullup,User IO/GCTRL
F1,GPIOL_30_CLK6,,Input,1B_1C,3.3 V,,weak pullup,User IO/GCLK
F2,GPIOL_32_CTRL4_CDI7,,Input,1B_1C,3.3 V,,weak pullup,User IO/GCTRL
F3,GPIOL_35_CTRL7,,Input,1B_1C,3.3 V,,weak pullup,User IO/GCTRL
F4,GPIOL_43,,Input,1B_1C,3.3 V,,weak pullup,User IO
F5,GPIOL_40_CDI8,,Input,1B_1C,3.3 V,,weak pullup,User IO
F6,VCCIO1D_1E,,Power,1D_1E,3.3 V,,,VCCIO Power
F7,VCCA_TL,,Power,TL,,,,1.2 V PLL Power
F8,VCC,,Power,,,,,1.2 V VCC Power
F9,VCC,,Power,,,,,1.2 V VCC Power
F10,VCCIO3A_3B_3C,,Power,3A_3B_3C,3.3 V,,,VCCIO Power
F11,VCCIO3A_3B_3C,,Power,3A_3B_3C,3.3 V,,,VCCIO Power
F12,GPIOR_111,,Input,3A_3B_3C,3.3 V,,weak pullup,User IO
F13,GPIOR_113_CDI22,,Input,3A_3B_3C,3.3 V,,weak pullup,User IO
F14,GPIOR_118_CTRL13,,Input,3A_3B_3C,3.3 V,,weak pullup,User IO/GCTRL
F15,GPIOR_122_CLK13_CDI21,LRCK_I,Input,3A_3B_3C,3.3 V,3.3 V LVTTL / LVCMOS,,User IO/GCLK
F16,GPIOR_123_CLK12_CDI20,,Input,3A_3B_3C,3.3 V,,weak pullup,User IO/GCLK
G1,GPIOL_31_CLK7_CDI6,,Input,1B_1C,3.3 V,,weak pullup,User IO/GCLK
G2,GPIOL_29_CLK5,,Input,1B_1C,3.3 V,,weak pullup,User IO/GCLK
G3,GPIOL_27_CLK3,,Input,1B_1C,3.3 V,,weak pullup,User IO/GCLK
G4,GPIOL_42,,Input,1B_1C,3.3 V,,weak pullup,User IO
G5,GPIOL_28_CLK4,,Input,1B_1C,3.3 V,,weak pullup,User IO/GCLK
G6,VCCIO1D_1E,,Power,1D_1E,3.3 V,,,VCCIO Power
G7,GND,,Power,,,,,Ground
G8,GND,,Power,,,,,Ground
G9,GND,,Power,,,,,Ground
G10,GND,,Power,,,,,Ground
G11,VCCA_TR,,Power,TR,,,,1.2 V PLL Power
G12,GPIOR_121_CLK14,,Input,3A_3B_3C,3.3 V,,weak pullup,User IO/GCLK
G13,GPIOR_117_CTRL14,DATA_I,Input,3A_3B_3C,3.3 V,3.3 V LVTTL / LVCMOS,,User IO/GCTRL
G14,GPIOR_127_CLK8,,Input,3D_3E,3.3 V,,weak pullup,User IO/GCLK
G15,GPIOR_124_CLK11,MCLK_I,Input,3D_3E,3.3 V,3.3 V LVTTL / LVCMOS,,User IO/GCLK
G16,GPIOR_126_CLK9,,Input,3D_3E,3.3 V,,weak pullup,User IO/GCLK
H1,GPIOL_22_CTRL2,,Input,1B_1C,3.3 V,,weak pullup,User IO/GCTRL
H2,GPIOL_25_CLK1,LRCKx2_O,Output,1B_1C,3.3 V,3.3 V LVTTL / LVCMOS,,User IO/GCLK
H3,GPIOL_24_CLK0,DATAx2_O,Output,1B_1C,3.3 V,3.3 V LVTTL / LVCMOS,,User IO/GCLK
H4,GPIOL_26_CLK2,BCKx2_O,Output,1B_1C,3.3 V,3.3 V LVTTL / LVCMOS,,User IO/GCLK
H5,GPIOL_21_CTRL1_CDI5,,Input,1B_1C,3.3 V,,weak pullup,User IO/GCTRL
H6,VCCIO1B_1C,,Power,1B_1C,3.3 V,,,VCCIO Power
H7,VCCIO1B_1C,,Power,1B_1C,3.3 V,,,VCCIO Power
H8,GND,,Power,,,,,Ground
H9,GND,,Power,,,,,Ground
H10,GND,,Power,,,,,Ground
H11,GND,,Power,,,,,Ground
H12,GPIOR_139,,Input,3D_3E,3.3 V,,weak pullup,User IO
H13,GPIOR_125_CLK10,,Input,3D_3E,3.3 V,,weak pullup,User IO/GCLK
H14,GPIOR_128_CTRL11,,Input,3D_3E,3.3 V,,weak pullup,User IO/GCTRL
H15,GPIOR_129_CTRL10,,Input,3D_3E,3.3 V,,weak pullup,User IO/GCTRL
H16,GPIOR_130_CTRL9,,Input,3D_3E,3.3 V,,weak pullup,User IO/GCTRL
J1,GND,,Power,,,,,Ground
J2,GPIOL_20_CTRL0_CDI4,,Input,1B_1C,3.3 V,,weak pullup,User IO/GCTRL
J3,GPIOL_16,,Input,1B_1C,3.3 V,,weak pullup,User IO
J4,GPIOL_14,,Input,1B_1C,3.3 V,,weak pullup,User IO
J5,GPIOL_11,,Input,1B_1C,3.3 V,,weak pullup,User IO
J6,VCC,,Power,,,,,1.2 V VCC Power
J7,VCC,,Power,,,,,1.2 V VCC Power
J8,GND,,Power,,,,,Ground
J9,GND,,Power,,,,,Ground
J10,VCCIO3D_3E,,Power,3D_3E,3.3 V,,,VCCIO Power
J11,VCCIO3D_3E,,Power,3D_3E,3.3 V,,,VCCIO Power
J12,GPIOR_141,,Input,3D_3E,3.3 V,,weak pullup,User IO
J13,GPIOR_133_CDI18,,Input,3D_3E,3.3 V,,weak pullup,User IO
J14,GPIOR_135_CDI17,,Input,3D_3E,3.3 V,,weak pullup,User IO
J15,GPIOR_131_CTRL8,,Input,3D_3E,3.3 V,,weak pullup,User IO/GCTRL
J16,GND,,Power,,,,,Ground
K1,GPIOL_18,,Input,1B_1C,3.3 V,,weak pullup,User IO
K2,GPIOL_19,,Input,1B_1C,3.3 V,,weak pullup,User IO
K3,GPIOL_15,,Input,1B_1C,3.3 V,,weak pullup,User IO
K4,GPIOL_12_CDI2,,Input,1B_1C,3.3 V,,weak pullup,User IO
K5,TDI,,Input,1A,3.3 V,,,Configuration
K6,VCCIO1A,,Power,1A,3.3 V,,,VCCIO Power
K7,GND,,Power,,,,,Ground
K8,GND,,Power,,,,,Ground
K9,VCC,,Power,,,,,1.2 V VCC Power
K10,GND,,Power,,,,,Ground
K11,VCCA_BR,,Power,BR,,,,1.2 V PLL Power
K12,GPIOR_148,,Input,3D_3E,3.3 V,,weak pullup,User IO
K13,GPIOR_151_CBUS0,,Input,3D_3E,3.3 V,,weak pullup,User IO/Configuration
K14,GPIOR_138,,Input,3D_3E,3.3 V,,weak pullup,User IO
K15,GPIOR_136_CDI16,,Input,3D_3E,3.3 V,,weak pullup,User IO
K16,GPIOR_132_CDI19,,Input,3D_3E,3.3 V,,weak pullup,User IO
L1,GPIOL_23_CTRL3,,Input,1B_1C,3.3 V,,weak pullup,User IO/GCTRL
L2,GPIOL_13_CDI3,,Input,1B_1C,3.3 V,,weak pullup,User IO
L3,GPIOL_08_CDI0,,Input,1A,3.3 V,,weak pullup,User IO/Configuration
L4,GPIOL_05_CSO,,Input,1A,3.3 V,,weak pullup,User IO/Configuration
L5,TDO,,Output,1A,3.3 V,,,Configuration
L6,VCCIO4B,,Power,4B,,,,VCCIO Power
L7,VCCIO4B,,Power,4B,,,,VCCIO Power
L8,GND,,Power,,,,,Ground
L9,GND,,Power,,,,,Ground
L10,VCCIO4A,,Power,4A,,,,VCCIO Power
L11,VCCIO4A,,Power,4A,,,,VCCIO Power
L12,GPIOR_158_TEST_N,,Input,3D_3E,3.3 V,,weak pullup,User IO/Configuration
L13,GPIOR_157_PLLIN,,Input,3D_3E,3.3 V,,weak pullup,User IO/PLL_CLKIN
L14,GPIOR_150_CBUS1,,Input,3D_3E,3.3 V,,weak pullup,User IO/Configuration
L15,GPIOR_147,,Input,3D_3E,3.3 V,,weak pullup,User IO
L16,GPIOR_143,,Input,3D_3E,3.3 V,,weak pullup,User IO
M1,TMS,,Input,1A,3.3 V,,,Configuration
M2,TCK,,Input,1A,3.3 V,,,Configuration
M3,GPIOL_01_CCK,,Input,1A,3.3 V,,weak pullup,User IO/Configuration
M4,GPIOB_TXP00,,,4B,,,,User IO
M5,GPIOB_TXN00,,,4B,,,,User IO
M6,GPIOB_TXP05,,,4B,,,,User IO
M7,GPIOB_TXN05,,,4B,,,,User IO
M8,GPIOB_TXP11,,,4B,,,,User IO
M9,GPIOB_RXN01,,,4A,,,,User IO
M10,GPIOB_RXP05,,,4A,,,,User IO
M11,GPIOB_RXN05,,,4A,,,,User IO
M12,GPIOB_CLKP0,,,4A,,,,User IO/PLL_CLKIN
M13,GPIOB_CLKN0,,,4A,,,,User IO/PLL_CLKIN
M14,GPIOR_156,,Input,3D_3E,3.3 V,,weak pullup,User IO
M15,GPIOR_144,,Input,3D_3E,3.3 V,,weak pullup,User IO
M16,GPIOR_145,,Input,3D_3E,3.3 V,,weak pullup,User IO
N1,GPIOL_09_CDI1,,Input,1A,3.3 V,,weak pullup,User IO/Configuration
N2,GND,,Power,,,,,Ground
N3,GPIOL_04_CSI,,Input,1A,3.3 V,,weak pullup,User IO/Configuration
N4,GPIOB_TXP01,,,4B,,,,User IO
N5,GPIOB_TXP04,,,4B,,,,User IO
N6,GPIOB_TXP06,,,4B,,,,User IO
N7,GPIOB_TXP09,,,4B,,,,User IO
N8,GPIOB_TXN11,,,4B,,,,User IO
N9,GPIOB_RXP01,,,4A,,,,User IO
N10,GPIOB_RXN03,,,4A,,,,User IO
N11,GPIOB_RXP06,,,4A,,,,User IO
N12,GPIOB_RXN10,,,4A,,,,User IO
N13,GPIOB_RXN12_EXTFB0,,,4A,,,,User IO
N14,GPIOR_153,,Input,3D_3E,3.3 V,,weak pullup,User IO
N15,GND,,Power,,,,,Ground
N16,GPIOR_154,,Input,3D_3E,3.3 V,,weak pullup,User IO
P1,CRESET_N,,Input,1A,3.3 V,,,Configuration
P2,GPIOL_02,NRST_I,Input,1A,3.3 V,3.3 V LVTTL / LVCMOS,,User IO
P3,GPIOL_00_SS_N,,Input,1A,3.3 V,,weak pullup,User IO/Configuration
P4,GPIOB_TXN01,,,4B,,,,User IO
P5,GPIOB_TXN04,,,4B,,,,User IO
P6,GPIOB_TXN06,,,4B,,,,User IO
P7,GPIOB_TXN09,,,4B,,,,User IO
P8,GPIOB_TXN12,,,4B,,,,User IO
P9,GPIOB_RXP00,,,4A,,,,User IO
P10,GPIOB_RXP03,,,4A,,,,User IO
P11,GPIOB_RXN06,,,4A,,,,User IO
P12,GPIOB_RXP10,,,4A,,,,User IO
P13,GPIOB_RXN08,,,4A,,,,User IO
P14,GPIOB_RXP12_EXTFB0,,,4A,,,,User IO
P15,GPIOR_155,,Input,3D_3E,3.3 V,,weak pullup,User IO
P16,GPIOR_146,,Input,3D_3E,3.3 V,,weak pullup,User IO
R1,CDONE,,Bidirectional,1A,3.3 V,,,Configuration
R2,REF_RES,,Input,4B,,,,
R3,GPIOB_TXP02,,,4B,,,,User IO
R4,GPIOB_TXN02,,,4B,,,,User IO
R5,GPIOB_TXP07,,,4B,,,,User IO
R6,GPIOB_TXP08,,,4B,,,,User IO
R7,GND,,Power,,,,,Ground
R8,GPIOB_TXP12,,,4B,,,,User IO
R9,GPIOB_RXN00,,,4A,,,,User IO
R10,GND,,Power,,,,,Ground
R11,GPIOB_RXN04,,,4A,,,,User IO
R12,GPIOB_RXN07,,,4A,,,,User IO
R13,GPIOB_RXP08,,,4A,,,,User IO
R14,GPIOB_RXN09,,,4A,,,,User IO
R15,GPIOB_RXN11,,,4A,,,,User IO
R16,GPIOR_149_CBUS2,,Input,3D_3E,3.3 V,,weak pullup,User IO/Configuration
T1,GND,,Power,,,,,Ground
T2,GPIOB_TXP03,,,4B,,,,User IO
T3,GPIOB_TXN03,,,4B,,,,User IO
T4,GND,,Power,,,,,Ground
T5,GPIOB_TXN07,,,4B,,,,User IO
T6,GPIOB_TXN08,,,4B,,,,User IO
T7,GPIOB_TXN10,,,4B,,,,User IO
T8,GPIOB_TXP10,,,4B,,,,User IO
T9,GPIOB_RXP02,,,4A,,,,User IO
T10,GPIOB_RXN02,,,4A,,,,User IO
T11,GPIOB_RXP04,,,4A,,,,User IO
T12,GPIOB_RXP07,,,4A,,,,User IO
T13,GND,,Power,,,,,Ground
T14,GPIOB_RXP09,,,4A,,,,User IO
T15,GPIOB_RXP11,,,4A,,,,User IO
T16,GND,,Power,,,,,Ground
