
# Efinity Interface Configuration
# Version: 2025.1.110.4.9
# Date: 2025-08-30 16:41

# Copyright (C) 2013 - 2025 Efinix Inc. All rights reserved.

# [required | optional] (input|output|clkout), x, y, z, __bypass__|[~|!]<clock>, [[~|!]<pin_name>] | __vcc__ | __gnd__
output, 0, 99, 2, __bypass__, BCKx2_O
input, 160, 125, 1, __bypass__, BCLK_I
input, 160, 142, 1, __bypass__, DATA_I
output, 0, 94, 2, __bypass__, DATAx2_O
input, 160, 107, 1, __bypass__, LRCK_I
output, 0, 97, 0, __bypass__, LRCKx2_O
input, 160, 121, 1, __bypass__, MCLK_I
input, 0, 17, 1, __bypass__, NRST_I
