<?xml version="1.0" encoding="UTF-8" standalone="no" ?>
<efx:tool_report xmlns:efx="http://www.efinixinc.com/tool_report" date="2025-08-30T16:41:39+0900" project="Oversample_x2_T20F256DevKit" xmlns:xsi="http://www.w3.org/2001/XMLSchema-instance" xsi:schemaLocation="http://www.efinixinc.com/tool_report tool_report.xsd">

  <efx:group name="System Resources">
    <efx:group_data info="runtime" name="packing" severity="info" value="0|0:0:0"/>
    <efx:group_data info="runtime" name="placement" severity="info" value="0|0:0:1"/>
    <efx:group_data info="runtime" name="routing" severity="info" value="0|0:0:1"/>
    <efx:group_data info="peak_rr" name="Peak RSS" severity="info" value="500.484 MB"/>
  </efx:group>

  <efx:group name="Core Resources">
    <efx:group_data name="Inputs" severity="info" value="5 / 438"/>
    <efx:group_data name="Outputs" severity="info" value="3 / 1001"/>
    <efx:group_data name="Clocks" severity="info" value="2 / 16"/>
    <efx:group_data name="Logic Elements" severity="info" value="823 / 19728"/>
    <efx:group_data name="Memory Blocks" severity="info" value="8 / 204"/>
    <efx:group_data name="Multipliers" severity="info" value="4 / 36"/>
  </efx:group>

  <efx:group name="Interface">
    <efx:group_data name="Missing Interface Pins" severity="info" value="0"/>
    <efx:group_data name="Unassigned Core Pins" severity="info" value="0"/>
  </efx:group>

  <efx:group name="Timing">
    <efx:group_data name="Worst Negative Slack (WNS)" severity="info" value="16.795 ns"/>
    <efx:group_data name="Worst Hold Slack (WHS)" severity="info" value="0.119 ns"/>
    <efx:group_data name="MCLK_I" severity="info" value="113.727 MHz"/>
    <efx:group_data name="BCLK_I" severity="info" value="15.483 MHz"/>
  </efx:group>

</efx:tool_report>
