<?xml version="1.0" encoding="UTF-8"?>
<GenRun Id="synth_1" LaunchPart="xc7a35tcpg236-1" LaunchTime="1737257080" LaunchIncrCheckpoint="$PSRCDIR/utils_1/imports/synth_1/Oversample_x2.dcp">
  <File Type="PA-TCL" Name="Oversample_x2.tcl"/>
  <File Type="REPORTS-TCL" Name="Oversample_x2_reports.tcl"/>
  <File Type="RDS-RDS" Name="Oversample_x2.vds"/>
  <File Type="RDS-UTIL" Name="Oversample_x2_utilization_synth.rpt"/>
  <File Type="RDS-UTIL-PB" Name="Oversample_x2_utilization_synth.pb"/>
  <File Type="RDS-DCP" Name="Oversample_x2.dcp"/>
  <FileSet Name="sources" Type="DesignSrcs" RelSrcDir="$PSRCDIR/sources_1" RelGenDir="$PGENDIR/sources_1">
    <Filter Type="Srcs"/>
    <File Path="$PSRCDIR/sources_1/imports/Oversample_x2_Cmod_S7_SRCs/FIR_x2-SRC/06_ADD/ADD.v">
      <FileInfo>
        <Attr Name="ImportPath" Val="D:/Document/Vitis/CMOD_S7/Oversample_x2_Cmod_S7_SRCs/FIR_x2-SRC/06_ADD/ADD.v"/>
        <Attr Name="ImportTime" Val="1737198060"/>
        <Attr Name="UsedIn" Val="synthesis"/>
        <Attr Name="UsedIn" Val="implementation"/>
        <Attr Name="UsedIn" Val="simulation"/>
      </FileInfo>
    </File>
    <File Path="$PSRCDIR/sources_1/imports/Oversample_x2_Cmod_S7_SRCs/FIR_x2-SRC/02_DATA_BUFFER/DATA_BUFFER.v">
      <FileInfo>
        <Attr Name="ImportPath" Val="D:/Document/Vitis/CMOD_S7/Oversample_x2_Cmod_S7_SRCs/FIR_x2-SRC/02_DATA_BUFFER/DATA_BUFFER.v"/>
        <Attr Name="ImportTime" Val="1737198060"/>
        <Attr Name="UsedIn" Val="synthesis"/>
        <Attr Name="UsedIn" Val="implementation"/>
        <Attr Name="UsedIn" Val="simulation"/>
      </FileInfo>
    </File>
    <File Path="$PSRCDIR/sources_1/imports/Oversample_x2_Cmod_S7_SRCs/FIR_x2-SRC/01_DPRAM_CONT/DPRAM_CONT.v">
      <FileInfo>
        <Attr Name="ImportPath" Val="D:/Document/Vitis/CMOD_S7/Oversample_x2_Cmod_S7_SRCs/FIR_x2-SRC/01_DPRAM_CONT/DPRAM_CONT.v"/>
        <Attr Name="ImportTime" Val="1737198060"/>
        <Attr Name="UsedIn" Val="synthesis"/>
        <Attr Name="UsedIn" Val="implementation"/>
        <Attr Name="UsedIn" Val="simulation"/>
      </FileInfo>
    </File>
    <File Path="$PSRCDIR/sources_1/imports/Oversample_x2_Cmod_S7_SRCs/FIR_x2-SRC/04_FIR_COEF/FIR_COEF.v">
      <FileInfo>
        <Attr Name="ImportPath" Val="D:/Document/Vitis/CMOD_S7/Oversample_x2_Cmod_S7_SRCs/FIR_x2-SRC/04_FIR_COEF/FIR_COEF.v"/>
        <Attr Name="ImportTime" Val="1737198060"/>
        <Attr Name="UsedIn" Val="synthesis"/>
        <Attr Name="UsedIn" Val="implementation"/>
        <Attr Name="UsedIn" Val="simulation"/>
      </FileInfo>
    </File>
    <File Path="$PSRCDIR/sources_1/imports/Oversample_x2_Cmod_S7_SRCs/FIR_x2-SRC/07_FIR_x2/FIR_x2.v">
      <FileInfo>
        <Attr Name="ImportPath" Val="D:/Document/Vitis/CMOD_S7/Oversample_x2_Cmod_S7_SRCs/FIR_x2-SRC/07_FIR_x2/FIR_x2.v"/>
        <Attr Name="ImportTime" Val="1737198060"/>
        <Attr Name="UsedIn" Val="synthesis"/>
        <Attr Name="UsedIn" Val="implementation"/>
        <Attr Name="UsedIn" Val="simulation"/>
      </FileInfo>
    </File>
    <File Path="$PSRCDIR/sources_1/imports/Oversample_x2_Cmod_S7_SRCs/SRC/I2S_PCM_CONVERTER.v">
      <FileInfo>
        <Attr Name="ImportPath" Val="D:/Document/Vitis/CMOD_S7/Oversample_x2_Cmod_S7_SRCs/SRC/I2S_PCM_CONVERTER.v"/>
        <Attr Name="ImportTime" Val="1737203211"/>
        <Attr Name="UsedIn" Val="synthesis"/>
        <Attr Name="UsedIn" Val="implementation"/>
        <Attr Name="UsedIn" Val="simulation"/>
      </FileInfo>
    </File>
    <File Path="$PSRCDIR/sources_1/imports/Oversample_x2_Cmod_S7_SRCs/FIR_x2-SRC/05_MULT/MULT.v">
      <FileInfo>
        <Attr Name="ImportPath" Val="D:/Document/Vitis/CMOD_S7/Oversample_x2_Cmod_S7_SRCs/FIR_x2-SRC/05_MULT/MULT.v"/>
        <Attr Name="ImportTime" Val="1737198060"/>
        <Attr Name="UsedIn" Val="synthesis"/>
        <Attr Name="UsedIn" Val="implementation"/>
        <Attr Name="UsedIn" Val="simulation"/>
      </FileInfo>
    </File>
    <File Path="$PSRCDIR/sources_1/imports/Oversample_x2_Cmod_S7_SRCs/SRC/PCM_RJ16_CONV.v">
      <FileInfo>
        <Attr Name="ImportPath" Val="D:/Document/Vitis/CMOD_S7/Oversample_x2_Cmod_S7_SRCs/SRC/PCM_RJ16_CONV.v"/>
        <Attr Name="ImportTime" Val="1737203211"/>
        <Attr Name="UsedIn" Val="synthesis"/>
        <Attr Name="UsedIn" Val="implementation"/>
        <Attr Name="UsedIn" Val="simulation"/>
      </FileInfo>
    </File>
    <File Path="$PSRCDIR/sources_1/imports/Oversample_x2_Cmod_S7_SRCs/FIR_x2-SRC/02_DATA_BUFFER/SDPRAM_SINGLECLK.v">
      <FileInfo>
        <Attr Name="ImportPath" Val="D:/Document/Vitis/CMOD_S7/Oversample_x2_Cmod_S7_SRCs/FIR_x2-SRC/02_DATA_BUFFER/SDPRAM_SINGLECLK.v"/>
        <Attr Name="ImportTime" Val="1737198060"/>
        <Attr Name="UsedIn" Val="synthesis"/>
        <Attr Name="UsedIn" Val="implementation"/>
        <Attr Name="UsedIn" Val="simulation"/>
      </FileInfo>
    </File>
    <File Path="$PSRCDIR/sources_1/imports/Oversample_x2_Cmod_S7_SRCs/FIR_x2-SRC/04_FIR_COEF/SPROM.v">
      <FileInfo>
        <Attr Name="ImportPath" Val="D:/Document/Vitis/CMOD_S7/Oversample_x2_Cmod_S7_SRCs/FIR_x2-SRC/04_FIR_COEF/SPROM.v"/>
        <Attr Name="ImportTime" Val="1737198060"/>
        <Attr Name="UsedIn" Val="synthesis"/>
        <Attr Name="UsedIn" Val="implementation"/>
        <Attr Name="UsedIn" Val="simulation"/>
      </FileInfo>
    </File>
    <File Path="$PSRCDIR/sources_1/imports/Oversample_x2_Cmod_S7_SRCs/FIR_x2-SRC/03_SPROM_CONT/SPROM_CONT.v">
      <FileInfo>
        <Attr Name="ImportPath" Val="D:/Document/Vitis/CMOD_S7/Oversample_x2_Cmod_S7_SRCs/FIR_x2-SRC/03_SPROM_CONT/SPROM_CONT.v"/>
        <Attr Name="ImportTime" Val="1737198060"/>
        <Attr Name="UsedIn" Val="synthesis"/>
        <Attr Name="UsedIn" Val="implementation"/>
        <Attr Name="UsedIn" Val="simulation"/>
      </FileInfo>
    </File>
    <File Path="$PSRCDIR/sources_1/imports/Oversample_x2_Cmod_S7_SRCs/SRC/Oversample_x2.v">
      <FileInfo>
        <Attr Name="ImportPath" Val="D:/Document/Vitis/CMOD_S7/Oversample_x2_Cmod_S7_SRCs/SRC/Oversample_x2.v"/>
        <Attr Name="ImportTime" Val="1737203211"/>
        <Attr Name="UsedIn" Val="synthesis"/>
        <Attr Name="UsedIn" Val="implementation"/>
        <Attr Name="UsedIn" Val="simulation"/>
      </FileInfo>
    </File>
    <File Path="$PSRCDIR/sources_1/imports/SRC/FIR512_x2_48000.data">
      <FileInfo>
        <Attr Name="ImportPath" Val="D:/Document/Vitis/CMOD_S7/Oversample_x2_Cmod_S7_SRCs/SRC/FIR512_x2_48000.data"/>
        <Attr Name="ImportTime" Val="1737198061"/>
        <Attr Name="UsedIn" Val="synthesis"/>
        <Attr Name="UsedIn" Val="simulation"/>
      </FileInfo>
    </File>
    <File Path="$PSRCDIR/sources_1/imports/SRC/FIR256_x2_48000.data">
      <FileInfo>
        <Attr Name="ImportPath" Val="D:/Document/Vitis/CMOD_S7/Oversample_x2_Cmod_S7_SRCs/SRC/FIR256_x2_48000.data"/>
        <Attr Name="ImportTime" Val="1737198061"/>
        <Attr Name="UsedIn" Val="synthesis"/>
        <Attr Name="UsedIn" Val="simulation"/>
      </FileInfo>
    </File>
    <File Path="$PSRCDIR/sources_1/imports/SRC/FIR128_x2_48000.data">
      <FileInfo>
        <Attr Name="ImportPath" Val="D:/Document/Vitis/CMOD_S7/Oversample_x2_Cmod_S7_SRCs/SRC/FIR128_x2_48000.data"/>
        <Attr Name="ImportTime" Val="1737198061"/>
        <Attr Name="UsedIn" Val="synthesis"/>
        <Attr Name="UsedIn" Val="simulation"/>
      </FileInfo>
    </File>
    <File Path="$PSRCDIR/sources_1/imports/SRC/BUFFER_INIT.data">
      <FileInfo>
        <Attr Name="ImportPath" Val="D:/Document/Vitis/CMOD_S7/Oversample_x2_Cmod_S7_SRCs/SRC/BUFFER_INIT.data"/>
        <Attr Name="ImportTime" Val="1737198061"/>
        <Attr Name="UsedIn" Val="synthesis"/>
        <Attr Name="UsedIn" Val="simulation"/>
      </FileInfo>
    </File>
    <Config>
      <Option Name="DesignMode" Val="RTL"/>
      <Option Name="TopModule" Val="Oversample_x2"/>
      <Option Name="TopAutoSet" Val="TRUE"/>
    </Config>
  </FileSet>
  <FileSet Name="constrs_in" Type="Constrs" RelSrcDir="$PSRCDIR/constrs_1" RelGenDir="$PGENDIR/constrs_1">
    <Filter Type="Constrs"/>
    <File Path="$PSRCDIR/constrs_1/imports/digilent-xdc-master/Cmod-A7-Master.xdc">
      <FileInfo>
        <Attr Name="ImportPath" Val="$PPRDIR/../../../../../../../../Downloads/digilent-xdc-master/digilent-xdc-master/Cmod-A7-Master.xdc"/>
        <Attr Name="ImportTime" Val="1737199426"/>
        <Attr Name="UsedIn" Val="synthesis"/>
        <Attr Name="UsedIn" Val="implementation"/>
      </FileInfo>
    </File>
    <File Path="$PSRCDIR/constrs_1/imports/SRC/Oversample.sdc">
      <FileInfo>
        <Attr Name="ImportPath" Val="D:/Document/Vitis/CMOD_S7/Oversample_x2_Cmod_S7_SRCs/SRC/Oversample.sdc"/>
        <Attr Name="ImportTime" Val="1737207179"/>
        <Attr Name="UsedIn" Val="synthesis"/>
        <Attr Name="UsedIn" Val="implementation"/>
      </FileInfo>
    </File>
    <File Path="$PSRCDIR/constrs_1/new/FIR_x2.xdc">
      <FileInfo>
        <Attr Name="UsedIn" Val="synthesis"/>
        <Attr Name="UsedIn" Val="implementation"/>
      </FileInfo>
    </File>
    <Config>
      <Option Name="TargetConstrsFile" Val="$PSRCDIR/constrs_1/new/FIR_x2.xdc"/>
      <Option Name="ConstrsType" Val="XDC"/>
    </Config>
  </FileSet>
  <FileSet Name="utils" Type="Utils" RelSrcDir="$PSRCDIR/utils_1" RelGenDir="$PGENDIR/utils_1">
    <Filter Type="Utils"/>
    <File Path="$PSRCDIR/utils_1/imports/synth_1/Oversample_x2.dcp">
      <FileInfo>
        <Attr Name="UsedIn" Val="synthesis"/>
        <Attr Name="UsedIn" Val="implementation"/>
        <Attr Name="UsedInSteps" Val="synth_1"/>
        <Attr Name="AutoDcp" Val="1"/>
      </FileInfo>
    </File>
    <Config>
      <Option Name="TopAutoSet" Val="TRUE"/>
    </Config>
  </FileSet>
  <Strategy Version="1" Minor="2">
    <StratHandle Name="Vivado Synthesis Defaults" Flow="Vivado Synthesis 2024"/>
    <Step Id="synth_design"/>
  </Strategy>
</GenRun>
