
# Efinity Interface Configuration
# Version: 2023.1.150.6.14
# Date: 2023-12-03 22:03

# Copyright (C) 2017 - 2023 Efinix Inc. All rights reserved.

# [required | optional] (input|output|clkout), x, y, z, __bypass__|[~|!]<clock>, [[~|!]<pin_name>] | __vcc__ | __gnd__
output, 0, 62, 0, __bypass__, BCLK_O
output, 0, 67, 0, __bypass__, DATA_O
input, 160, 167, 1, __bypass__, P1_PLUG_I
input, 160, 157, 1, __bypass__, P3_DATA_DSDL_I
input, 160, 125, 1, __bypass__, P4_PBCK_DBCK_I
input, 160, 107, 1, __bypass__, P5_LRCK_DSDR_I
input, 160, 121, 1, __bypass__, P6_MCLK_I
input, 160, 94, 3, __bypass__, P7_DSDON_I
input, 160, 169, 3, __bypass__, P11_MUTE_I
input, 160, 27, 1, __bypass__, P16_DSD64_128_I
input, 160, 109, 3, __bypass__, P17_F0_I
input, 160, 104, 3, __bypass__, P18_F1_I
input, 160, 97, 1, __bypass__, P19_F2_I
input, 160, 29, 3, __bypass__, P20_F3_I
output, 0, 64, 2, __bypass__, WS_O
