<?xml version="1.0" encoding="UTF-8"?>
<efx:project name="Oversample_x2_T20F256DevKit" description="Oversample_x2_T20F256DevKit&#10;&#10;The example project for FIR_x2 on Efinix Trion T20 F256 Development Kit.&#10;This example interpolates the 44.1/48kHz PCM to 88.2/96kHz PCM (Max: 512 tap).&#10;&#10;Author: AUDIY&#10;Date: 2025/08/30&#10;&#10;Input&#10;&#9;MCLK_I: Master Clock (GPIOR_124)&#10;&#9;BCLK_I: I2S Bit Clock (GPIOR_120)&#10;&#9;LRCK_I: I2S LRCK (GPIOR_122)&#10;&#9;DATA_I: I2S DATA (GPIOR_117)&#10;&#9;NRST_I: Asynchronous Reset (Active LOW) (GPIOL_02, SW4)&#10;&#10;Output&#10;&#9;BCKx2_O: x2 Oversampled I2S BCLK (GPIOL_26)&#10;&#9;LRCKx2_O: x2 Oversampled I2S LRCK (GPIOL_25)&#10;&#9;DATAx2_O: x2 Oversampled I2S DATA (GPIOL_24)" last_change="1756540757" sw_version="2025.1.110.4.9" last_run_state="pass" last_run_flow="bitstream" config_result_in_sync="true" design_ood="sync" place_ood="sync" route_ood="sync" xmlns:efx="http://www.efinixinc.com/enf_proj" xmlns:xsi="http://www.w3.org/2001/XMLSchema-instance" xsi:schemaLocation="http://www.efinixinc.com/enf_proj enf_proj.xsd">
    <efx:device_info>
        <efx:family name="Trion"/>
        <efx:device name="T20F256"/>
        <efx:timing_model name="I4"/>
    </efx:device_info>
    <efx:design_info def_veri_version="verilog_2k" def_vhdl_version="vhdl_2008" unified_flow="false">
        <efx:top_module name="Oversample_x2_T20F256DevKit"/>
        <efx:design_file name="SRC/01_DPRAM_CONT/DPRAM_CONT.v" version="default" library="default"/>
        <efx:design_file name="SRC/02_DATA_BUFFER/SDPRAM_SINGLECLK.v" version="default" library="default"/>
        <efx:design_file name="SRC/02_DATA_BUFFER/DATA_BUFFER.v" version="default" library="default"/>
        <efx:design_file name="SRC/03_SPROM_CONT/SPROM_CONT.v" version="default" library="default"/>
        <efx:design_file name="SRC/04_FIR_COEF/FIR_COEF.v" version="default" library="default"/>
        <efx:design_file name="SRC/04_FIR_COEF/SPROM.v" version="default" library="default"/>
        <efx:design_file name="SRC/05_MULT/MULT.v" version="default" library="default"/>
        <efx:design_file name="SRC/06_ADD/ADD.v" version="default" library="default"/>
        <efx:design_file name="SRC/07_FIR_x2/FIR_x2.v" version="default" library="default"/>
        <efx:design_file name="SRC/PCM_I2S_MCLK.v" version="default" library="default"/>
        <efx:design_file name="SRC/PCM_MCLK_SYNC.v" version="default" library="default"/>
        <efx:design_file name="SRC/I2S_PCM_BCLK.v" version="default" library="default"/>
        <efx:design_file name="SRC/ARESETN_SYNC.v" version="default" library="default"/>
        <efx:design_file name="SRC/Oversample_x2_T20F256DevKit.v" version="default" library="default"/>
        <efx:top_vhdl_arch name=""/>
    </efx:design_info>
    <efx:constraint_info>
        <efx:sdc_file name="Oversample_x2_T20F256DevKit.sdc"/>
        <efx:inter_file name=""/>
    </efx:constraint_info>
    <efx:sim_info/>
    <efx:misc_info/>
    <efx:ip_info/>
    <efx:synthesis tool_name="efx_map">
        <efx:param name="work_dir" value="work_syn" value_type="e_string"/>
        <efx:param name="write_efx_verilog" value="on" value_type="e_bool"/>
        <efx:param name="allow-const-ram-index" value="0" value_type="e_option"/>
        <efx:param name="blackbox-error" value="1" value_type="e_option"/>
        <efx:param name="blast_const_operand_adders" value="1" value_type="e_option"/>
        <efx:param name="bram_output_regs_packing" value="1" value_type="e_option"/>
        <efx:param name="bram-push-tco-outreg" value="0" value_type="e_option"/>
        <efx:param name="create-onehot-fsms" value="0" value_type="e_option"/>
        <efx:param name="fanout-limit" value="0" value_type="e_integer"/>
        <efx:param name="hdl-compile-unit" value="1" value_type="e_option"/>
        <efx:param name="hdl-loop-limit" value="20000" value_type="e_integer"/>
        <efx:param name="infer-clk-enable" value="3" value_type="e_option"/>
        <efx:param name="infer-sync-set-reset" value="1" value_type="e_option"/>
        <efx:param name="enable-mark-debug" value="1" value_type="e_option"/>
        <efx:param name="max_ram" value="-1" value_type="e_integer"/>
        <efx:param name="max_mult" value="-1" value_type="e_integer"/>
        <efx:param name="max-bit-blast-mem-size" value="10240" value_type="e_integer"/>
        <efx:param name="min-sr-fanout" value="0" value_type="e_integer"/>
        <efx:param name="min-ce-fanout" value="0" value_type="e_integer"/>
        <efx:param name="mode" value="speed" value_type="e_option"/>
        <efx:param name="mult-auto-pipeline" value="0" value_type="e_integer"/>
        <efx:param name="mult-decomp-retime" value="0" value_type="e_option"/>
        <efx:param name="operator-sharing" value="0" value_type="e_option"/>
        <efx:param name="optimize-adder-tree" value="0" value_type="e_option"/>
        <efx:param name="optimize-zero-init-rom" value="1" value_type="e_option"/>
        <efx:param name="peri-syn-instantiation" value="0" value_type="e_option"/>
        <efx:param name="peri-syn-inference" value="0" value_type="e_option"/>
        <efx:param name="ram-decomp-mode" value="0" value_type="e_option"/>
        <efx:param name="retiming" value="1" value_type="e_option"/>
        <efx:param name="seq_opt" value="1" value_type="e_option"/>
        <efx:param name="seq-opt-sync-only" value="0" value_type="e_option"/>
        <efx:param name="use-logic-for-small-mem" value="64" value_type="e_integer"/>
        <efx:param name="use-logic-for-small-rom" value="64" value_type="e_integer"/>
        <efx:param name="max_threads" value="-1" value_type="e_integer"/>
        <efx:param name="mult_input_regs_packing" value="1" value_type="e_option"/>
        <efx:param name="mult_output_regs_packing" value="1" value_type="e_option"/>
    </efx:synthesis>
    <efx:place_and_route tool_name="efx_pnr">
        <efx:param name="work_dir" value="work_pnr" value_type="e_string"/>
        <efx:param name="verbose" value="off" value_type="e_bool"/>
        <efx:param name="load_delaym" value="on" value_type="e_bool"/>
        <efx:param name="optimization_level" value="TIMING_1" value_type="e_option"/>
        <efx:param name="seed" value="1" value_type="e_integer"/>
        <efx:param name="placer_effort_level" value="2" value_type="e_option"/>
        <efx:param name="max_threads" value="-1" value_type="e_integer"/>
        <efx:param name="print_critical_path" value="10" value_type="e_integer"/>
        <efx:param name="classic_flow" value="off" value_type="e_noarg"/>
    </efx:place_and_route>
    <efx:bitstream_generation tool_name="efx_pgm">
        <efx:param name="mode" value="active" value_type="e_option"/>
        <efx:param name="width" value="1" value_type="e_option"/>
        <efx:param name="enable_roms" value="smart" value_type="e_option"/>
        <efx:param name="spi_low_power_mode" value="on" value_type="e_bool"/>
        <efx:param name="io_weak_pullup" value="on" value_type="e_bool"/>
        <efx:param name="oscillator_clock_divider" value="DIV8" value_type="e_option"/>
        <efx:param name="bitstream_compression" value="off" value_type="e_bool"/>
        <efx:param name="enable_external_master_clock" value="off" value_type="e_bool"/>
        <efx:param name="active_capture_clk_edge" value="posedge" value_type="e_option"/>
        <efx:param name="jtag_usercode" value="0xFFFFFFFF" value_type="e_string"/>
        <efx:param name="release_tri_then_reset" value="on" value_type="e_bool"/>
        <efx:param name="cold_boot" value="off" value_type="e_bool"/>
        <efx:param name="cascade" value="off" value_type="e_option"/>
        <efx:param name="generate_bit" value="on" value_type="e_bool"/>
        <efx:param name="generate_bitbin" value="off" value_type="e_bool"/>
        <efx:param name="generate_hex" value="on" value_type="e_bool"/>
        <efx:param name="generate_hexbin" value="off" value_type="e_bool"/>
        <efx:param name="four_byte_addressing" value="off" value_type="e_bool"/>
    </efx:bitstream_generation>
    <efx:debugger>
        <efx:param name="work_dir" value="work_dbg" value_type="e_string"/>
        <efx:param name="auto_instantiation" value="off" value_type="e_bool"/>
        <efx:param name="profile" value="NONE" value_type="e_string"/>
    </efx:debugger>
</efx:project>
