<?xml version="1.0" encoding="UTF-8"?>
<efxpt:design_db name="Oversample_x2_T20F256DevKit" device_def="T20F256" version="2025.1.110.4.9" db_version="20252006" last_change_date="Sat Aug 30 09:15:01 2025" xmlns:efxpt="http://www.efinixinc.com/peri_design_db" xmlns:xsi="http://www.w3.org/2001/XMLSchema-instance" xsi:schemaLocation="http://www.efinixinc.com/peri_design_db peri_design_db.xsd ">
    <efxpt:device_info>
        <efxpt:iobank_info>
            <efxpt:iobank name="1A" iostd="3.3 V LVTTL / LVCMOS"/>
            <efxpt:iobank name="1B_1C" iostd="3.3 V LVTTL / LVCMOS"/>
            <efxpt:iobank name="1D_1E" iostd="3.3 V LVTTL / LVCMOS"/>
            <efxpt:iobank name="3A_3B_3C" iostd="3.3 V LVTTL / LVCMOS"/>
            <efxpt:iobank name="3D_3E" iostd="3.3 V LVTTL / LVCMOS"/>
            <efxpt:iobank name="4A" iostd="3.3 V LVTTL / LVCMOS"/>
            <efxpt:iobank name="4B" iostd="3.3 V LVTTL / LVCMOS"/>
            <efxpt:iobank name="BR" iostd="1.2 V"/>
            <efxpt:iobank name="TL" iostd="1.2 V"/>
            <efxpt:iobank name="TR" iostd="1.2 V"/>
        </efxpt:iobank_info>
        <efxpt:ctrl_info>
            <efxpt:ctrl name="cfg" ctrl_def="CONFIG_CTRL0" clock_name="" is_clk_invert="false" cbsel_bus_name="cfg_CBSEL" config_ctrl_name="cfg_CONFIG" ena_capture_name="cfg_ENA" error_status_name="cfg_ERROR" um_signal_status_name="cfg_USR_STATUS" is_remote_update_enable="false" is_user_mode_enable="false"/>
        </efxpt:ctrl_info>
    </efxpt:device_info>
    <efxpt:gpio_info device_def="T20F256">
        <efxpt:gpio name="BCKx2_O" gpio_def="GPIOL_26" mode="output" bus_name="" is_lvds_gpio="false" io_standard="3.3 V LVTTL / LVCMOS">
            <efxpt:output_config name="BCKx2_O" name_ddio_lo="" register_option="none" clock_name="" is_clock_inverted="false" is_slew_rate="false" tied_option="none" ddio_type="none" drive_strength="1"/>
        </efxpt:gpio>
        <efxpt:gpio name="BCLK_I" gpio_def="GPIOR_120" mode="input" bus_name="" is_lvds_gpio="false" io_standard="3.3 V LVTTL / LVCMOS">
            <efxpt:input_config name="BCLK_I" name_ddio_lo="" conn_type="gclk" is_register="false" clock_name="" is_clock_inverted="false" pull_option="none" is_schmitt_trigger="false" ddio_type="none"/>
        </efxpt:gpio>
        <efxpt:gpio name="DATA_I" gpio_def="GPIOR_117" mode="input" bus_name="" is_lvds_gpio="false" io_standard="3.3 V LVTTL / LVCMOS">
            <efxpt:input_config name="DATA_I" name_ddio_lo="" conn_type="normal" is_register="false" clock_name="" is_clock_inverted="false" pull_option="none" is_schmitt_trigger="false" ddio_type="none"/>
        </efxpt:gpio>
        <efxpt:gpio name="DATAx2_O" gpio_def="GPIOL_24" mode="output" bus_name="" is_lvds_gpio="false" io_standard="3.3 V LVTTL / LVCMOS">
            <efxpt:output_config name="DATAx2_O" name_ddio_lo="" register_option="none" clock_name="" is_clock_inverted="false" is_slew_rate="false" tied_option="none" ddio_type="none" drive_strength="1"/>
        </efxpt:gpio>
        <efxpt:gpio name="LRCK_I" gpio_def="GPIOR_122" mode="input" bus_name="" is_lvds_gpio="false" io_standard="3.3 V LVTTL / LVCMOS">
            <efxpt:input_config name="LRCK_I" name_ddio_lo="" conn_type="normal" is_register="false" clock_name="" is_clock_inverted="false" pull_option="none" is_schmitt_trigger="false" ddio_type="none"/>
        </efxpt:gpio>
        <efxpt:gpio name="LRCKx2_O" gpio_def="GPIOL_25" mode="output" bus_name="" is_lvds_gpio="false" io_standard="3.3 V LVTTL / LVCMOS">
            <efxpt:output_config name="LRCKx2_O" name_ddio_lo="" register_option="none" clock_name="" is_clock_inverted="false" is_slew_rate="false" tied_option="none" ddio_type="none" drive_strength="1"/>
        </efxpt:gpio>
        <efxpt:gpio name="MCLK_I" gpio_def="GPIOR_124" mode="input" bus_name="" is_lvds_gpio="false" io_standard="3.3 V LVTTL / LVCMOS">
            <efxpt:input_config name="MCLK_I" name_ddio_lo="" conn_type="gclk" is_register="false" clock_name="" is_clock_inverted="false" pull_option="none" is_schmitt_trigger="false" ddio_type="none"/>
        </efxpt:gpio>
        <efxpt:gpio name="NRST_I" gpio_def="GPIOL_02" mode="input" bus_name="" is_lvds_gpio="false" io_standard="3.3 V LVTTL / LVCMOS">
            <efxpt:input_config name="NRST_I" name_ddio_lo="" conn_type="normal" is_register="false" clock_name="" is_clock_inverted="false" pull_option="none" is_schmitt_trigger="false" ddio_type="none"/>
        </efxpt:gpio>
        <efxpt:global_unused_config state="input with weak pullup"/>
    </efxpt:gpio_info>
    <efxpt:pll_info/>
    <efxpt:lvds_info/>
    <efxpt:jtag_info/>
</efxpt:design_db>
