<?xml version="1.0" encoding="UTF-8"?>
<efx:project name="Oversample_x2" description="Oversample_x2&#10;&#10;x2 Oversample Digital Eilter Example w/ Amanero Combo384&#10;&#10;Author  : AUDIY&#10;Date    : 2023/12/03&#10;&#10;Input  Fs Range: 44.1 ~ 192 kHz&#10;Output Fs Range: 88.2 ~ 384 kHz&#10;Note: 32, 352.8, 384kHz input is passed-through.&#10;&#10;License&#10;--------------------------------------------------------------------------------&#10;| Copyright AUDIY 2023.                                                        |&#10;|                                                                              |&#10;| This source describes Open Hardware and is licensed under the CERN-OHL-S v2. |&#10;|                                                                              |&#10;| You may redistribute and modify this source and make products using it under |&#10;| the terms of the CERN-OHL-S v2 (https://ohwr.org/cern_ohl_s_v2.txt).         |&#10;|                                                                              |&#10;| This source is distributed WITHOUT ANY EXPRESS OR IMPLIED WARRANTY,          |&#10;| INCLUDING OF MERCHANTABILITY, SATISFACTORY QUALITY AND FITNESS FOR A         |&#10;| PARTICULAR PURPOSE. Please see the CERN-OHL-S v2 for applicable conditions.  |&#10;|                                                                              |&#10;| Source location: https://github.com/AUDIY/FIR_x2                             |&#10;|                                                                              |&#10;| As per CERN-OHL-S v2 section 4, should You produce hardware based on this    |&#10;| source, You must where practicable maintain the Source Location visible      |&#10;| on the external case of the Gizmo or other products you make using this      |&#10;| source.                                                                      |&#10;--------------------------------------------------------------------------------&#10;" last_change_date="日 12月 3 2023 22:03:26" location="E:/Document/Efinity/01_Projects/01_Study/Oversample_x2" sw_version="2023.1.150.6.14" last_run_state="pass" last_run_tool="efx_pgm" last_run_flow="bitstream" config_result_in_sync="true" design_ood="sync" place_ood="sync" route_ood="sync" xmlns:efx="http://www.efinixinc.com/enf_proj" xmlns:xsi="http://www.w3.org/2001/XMLSchema-instance" xsi:schemaLocation="http://www.efinixinc.com/enf_proj enf_proj.xsd">
    <efx:device_info>
        <efx:family name="Trion"/>
        <efx:device name="T20F256"/>
        <efx:timing_model name="I4"/>
    </efx:device_info>
    <efx:design_info def_veri_version="verilog_2k" def_vhdl_version="vhdl_2008">
        <efx:top_module name="Oversample_x2"/>
        <efx:design_file name="SRC/FIRx2/ADD/ADD.v" version="default" library="default"/>
        <efx:design_file name="SRC/FIRx2/DATA_BUFFER/simple_dual_port_ram.v" version="default" library="default"/>
        <efx:design_file name="SRC/FIRx2/DATA_BUFFER/DATA_BUFFER.v" version="default" library="default"/>
        <efx:design_file name="SRC/FIRx2/DPRAM_CONT/DPRAM_CONT.v" version="default" library="default"/>
        <efx:design_file name="SRC/FIRx2/FIR_COEF/FIR_COEF.v" version="default" library="default"/>
        <efx:design_file name="SRC/FIRx2/FIR_COEF/single_port_rom.v" version="default" library="default"/>
        <efx:design_file name="SRC/FIRx2/MULT/MULT.v" version="default" library="default"/>
        <efx:design_file name="SRC/FIRx2/SPROM_CONT/SPROM_CONT.v" version="default" library="default"/>
        <efx:design_file name="SRC/FIRx2/FIR_x2.v" version="default" library="default"/>
        <efx:design_file name="SRC/PCM_RJ16_CONV.v" version="default" library="default"/>
        <efx:design_file name="SRC/I2S_PCM_CONVERTER.v" version="default" library="default"/>
        <efx:design_file name="SRC/Oversample_x2.v" version="default" library="default"/>
        <efx:top_vhdl_arch name=""/>
    </efx:design_info>
    <efx:constraint_info>
        <efx:sdc_file name="SRC/Oversample.sdc"/>
        <efx:inter_file name=""/>
    </efx:constraint_info>
    <efx:sim_info/>
    <efx:misc_info/>
    <efx:ip_info/>
    <efx:synthesis tool_name="efx_map">
        <efx:param name="work_dir" value="work_syn" value_type="e_string"/>
        <efx:param name="write_efx_verilog" value="on" value_type="e_bool"/>
        <efx:param name="allow-const-ram-index" value="0" value_type="e_option"/>
        <efx:param name="blackbox-error" value="1" value_type="e_option"/>
        <efx:param name="blast_const_operand_adders" value="1" value_type="e_option"/>
        <efx:param name="bram_output_regs_packing" value="1" value_type="e_option"/>
        <efx:param name="create-onehot-fsms" value="0" value_type="e_option"/>
        <efx:param name="fanout-limit" value="0" value_type="e_integer"/>
        <efx:param name="hdl-compile-unit" value="1" value_type="e_option"/>
        <efx:param name="infer-clk-enable" value="3" value_type="e_option"/>
        <efx:param name="infer-sync-set-reset" value="1" value_type="e_option"/>
        <efx:param name="max_ram" value="-1" value_type="e_integer"/>
        <efx:param name="max_mult" value="-1" value_type="e_integer"/>
        <efx:param name="min-sr-fanout" value="0" value_type="e_integer"/>
        <efx:param name="min-ce-fanout" value="0" value_type="e_integer"/>
        <efx:param name="mult-decomp-retime" value="0" value_type="e_option"/>
        <efx:param name="mode" value="speed" value_type="e_option"/>
        <efx:param name="operator-sharing" value="0" value_type="e_option"/>
        <efx:param name="optimize-adder-tree" value="0" value_type="e_option"/>
        <efx:param name="optimize-zero-init-rom" value="1" value_type="e_option"/>
        <efx:param name="retiming" value="1" value_type="e_option"/>
        <efx:param name="seq_opt" value="1" value_type="e_option"/>
        <efx:param name="seq-opt-sync-only" value="0" value_type="e_option"/>
        <efx:param name="mult_input_regs_packing" value="1" value_type="e_option"/>
        <efx:param name="mult_output_regs_packing" value="1" value_type="e_option"/>
    </efx:synthesis>
    <efx:place_and_route tool_name="efx_pnr">
        <efx:param name="work_dir" value="work_pnr" value_type="e_string"/>
        <efx:param name="verbose" value="off" value_type="e_bool"/>
        <efx:param name="load_delaym" value="on" value_type="e_bool"/>
        <efx:param name="optimization_level" value="TIMING_1" value_type="e_option"/>
        <efx:param name="seed" value="1" value_type="e_integer"/>
        <efx:param name="placer_effort_level" value="2" value_type="e_option"/>
        <efx:param name="max_threads" value="-1" value_type="e_integer"/>
    </efx:place_and_route>
    <efx:bitstream_generation tool_name="efx_pgm">
        <efx:param name="mode" value="active" value_type="e_string"/>
        <efx:param name="width" value="1" value_type="e_string"/>
        <efx:param name="enable_roms" value="smart" value_type="e_option"/>
        <efx:param name="spi_low_power_mode" value="on" value_type="e_bool"/>
        <efx:param name="io_weak_pullup" value="on" value_type="e_bool"/>
        <efx:param name="oscillator_clock_divider" value="DIV8" value_type="e_option"/>
        <efx:param name="bitstream_compression" value="on" value_type="e_bool"/>
        <efx:param name="enable_external_master_clock" value="off" value_type="e_bool"/>
        <efx:param name="active_capture_clk_edge" value="posedge" value_type="e_option"/>
        <efx:param name="jtag_usercode" value="0xFFFFFFFF" value_type="e_string"/>
        <efx:param name="release_tri_then_reset" value="on" value_type="e_bool"/>
        <efx:param name="cold_boot" value="off" value_type="e_bool"/>
        <efx:param name="cascade" value="off" value_type="e_option"/>
        <efx:param name="generate_bit" value="on" value_type="e_bool"/>
        <efx:param name="generate_bitbin" value="off" value_type="e_bool"/>
        <efx:param name="generate_hex" value="on" value_type="e_bool"/>
        <efx:param name="generate_hexbin" value="off" value_type="e_bool"/>
    </efx:bitstream_generation>
    <efx:debugger>
        <efx:param name="work_dir" value="work_dbg" value_type="e_string"/>
        <efx:param name="auto_instantiation" value="off" value_type="e_bool"/>
        <efx:param name="profile" value="NONE" value_type="e_string"/>
    </efx:debugger>
</efx:project>
