<?xml version="1.0" encoding="UTF-8"?>
<GenRun Id="synth_1" LaunchPart="xc7a35tcpg236-1" LaunchTime="1756011880" LaunchIncrCheckpoint="$PSRCDIR/utils_1/imports/synth_1/Oversample_x2_CmodA7.dcp">
  <File Type="REPORTS-TCL" Name="Oversample_x2_CmodA7_reports.tcl"/>
  <File Type="RDS-UTIL" Name="Oversample_x2_CmodA7_utilization_synth.rpt"/>
  <File Type="RDS-UTIL-PB" Name="Oversample_x2_CmodA7_utilization_synth.pb"/>
  <File Type="PA-TCL" Name="Oversample_x2_CmodA7.tcl"/>
  <File Type="RDS-RDS" Name="Oversample_x2_CmodA7.vds"/>
  <File Type="RDS-DCP" Name="Oversample_x2_CmodA7.dcp"/>
  <FileSet Name="sources" Type="DesignSrcs" RelSrcDir="$PSRCDIR/sources_1" RelGenDir="$PGENDIR/sources_1">
    <Filter Type="Srcs"/>
    <File Path="$PSRCDIR/sources_1/imports/SRC/06_ADD/ADD.v">
      <FileInfo>
        <Attr Name="ImportPath" Val="$PPRDIR/../../../../../../../../Documents/Oversample_x2_Cmod-A7/SRC/06_ADD/ADD.v"/>
        <Attr Name="ImportTime" Val="1750527531"/>
        <Attr Name="UsedIn" Val="synthesis"/>
        <Attr Name="UsedIn" Val="implementation"/>
        <Attr Name="UsedIn" Val="simulation"/>
      </FileInfo>
    </File>
    <File Path="$PSRCDIR/sources_1/imports/SRC/ARESETN_SYNC.v">
      <FileInfo>
        <Attr Name="ImportPath" Val="$PPRDIR/../../../../../../../../Documents/Oversample_x2_Cmod-A7/SRC/ARESETN_SYNC.v"/>
        <Attr Name="ImportTime" Val="1750603618"/>
        <Attr Name="UsedIn" Val="synthesis"/>
        <Attr Name="UsedIn" Val="implementation"/>
        <Attr Name="UsedIn" Val="simulation"/>
      </FileInfo>
    </File>
    <File Path="$PSRCDIR/sources_1/imports/SRC/02_DATA_BUFFER/DATA_BUFFER.v">
      <FileInfo>
        <Attr Name="ImportPath" Val="$PPRDIR/../../../../../../../../Documents/Oversample_x2_Cmod-A7/SRC/02_DATA_BUFFER/DATA_BUFFER.v"/>
        <Attr Name="ImportTime" Val="1755984101"/>
        <Attr Name="UsedIn" Val="synthesis"/>
        <Attr Name="UsedIn" Val="implementation"/>
        <Attr Name="UsedIn" Val="simulation"/>
      </FileInfo>
    </File>
    <File Path="$PSRCDIR/sources_1/imports/SRC/01_DPRAM_CONT/DPRAM_CONT.v">
      <FileInfo>
        <Attr Name="ImportPath" Val="$PPRDIR/../../../../../../../../Documents/Oversample_x2_Cmod-A7/SRC/01_DPRAM_CONT/DPRAM_CONT.v"/>
        <Attr Name="ImportTime" Val="1750526559"/>
        <Attr Name="UsedIn" Val="synthesis"/>
        <Attr Name="UsedIn" Val="implementation"/>
        <Attr Name="UsedIn" Val="simulation"/>
      </FileInfo>
    </File>
    <File Path="$PSRCDIR/sources_1/imports/SRC/04_FIR_COEF/FIR_COEF.v">
      <FileInfo>
        <Attr Name="ImportPath" Val="$PPRDIR/../../../../../../../../Documents/Oversample_x2_Cmod-A7/SRC/04_FIR_COEF/FIR_COEF.v"/>
        <Attr Name="ImportTime" Val="1750526784"/>
        <Attr Name="UsedIn" Val="synthesis"/>
        <Attr Name="UsedIn" Val="implementation"/>
        <Attr Name="UsedIn" Val="simulation"/>
      </FileInfo>
    </File>
    <File Path="$PSRCDIR/sources_1/imports/SRC/07_FIR_x2/FIR_x2.v">
      <FileInfo>
        <Attr Name="ImportPath" Val="$PPRDIR/../../../../../../../../Documents/Oversample_x2_Cmod-A7/SRC/07_FIR_x2/FIR_x2.v"/>
        <Attr Name="ImportTime" Val="1755982540"/>
        <Attr Name="UsedIn" Val="synthesis"/>
        <Attr Name="UsedIn" Val="implementation"/>
        <Attr Name="UsedIn" Val="simulation"/>
      </FileInfo>
    </File>
    <File Path="$PSRCDIR/sources_1/imports/SRC/I2S_PCM_BCLK.v">
      <FileInfo>
        <Attr Name="ImportPath" Val="$PPRDIR/../../../../../../../../Documents/Oversample_x2_Cmod-A7/SRC/I2S_PCM_BCLK.v"/>
        <Attr Name="ImportTime" Val="1750602998"/>
        <Attr Name="UsedIn" Val="synthesis"/>
        <Attr Name="UsedIn" Val="implementation"/>
        <Attr Name="UsedIn" Val="simulation"/>
      </FileInfo>
    </File>
    <File Path="$PSRCDIR/sources_1/imports/SRC/05_MULT/MULT.v">
      <FileInfo>
        <Attr Name="ImportPath" Val="$PPRDIR/../../../../../../../../Documents/Oversample_x2_Cmod-A7/SRC/05_MULT/MULT.v"/>
        <Attr Name="ImportTime" Val="1750527440"/>
        <Attr Name="UsedIn" Val="synthesis"/>
        <Attr Name="UsedIn" Val="implementation"/>
        <Attr Name="UsedIn" Val="simulation"/>
      </FileInfo>
    </File>
    <File Path="$PSRCDIR/sources_1/imports/SRC/PCM_I2S_MCLK.v">
      <FileInfo>
        <Attr Name="ImportPath" Val="$PPRDIR/../../../../../../../../Documents/Oversample_x2_Cmod-A7/SRC/PCM_I2S_MCLK.v"/>
        <Attr Name="ImportTime" Val="1750914728"/>
        <Attr Name="UsedIn" Val="synthesis"/>
        <Attr Name="UsedIn" Val="implementation"/>
        <Attr Name="UsedIn" Val="simulation"/>
      </FileInfo>
    </File>
    <File Path="$PSRCDIR/sources_1/imports/SRC/PCM_MCLK_SYNC.v">
      <FileInfo>
        <Attr Name="ImportPath" Val="$PPRDIR/../../../../../../../../Documents/Oversample_x2_Cmod-A7/SRC/PCM_MCLK_SYNC.v"/>
        <Attr Name="ImportTime" Val="1750603039"/>
        <Attr Name="UsedIn" Val="synthesis"/>
        <Attr Name="UsedIn" Val="implementation"/>
        <Attr Name="UsedIn" Val="simulation"/>
      </FileInfo>
    </File>
    <File Path="$PSRCDIR/sources_1/imports/SRC/02_DATA_BUFFER/SDPRAM_SINGLECLK.v">
      <FileInfo>
        <Attr Name="ImportPath" Val="$PPRDIR/../../../../../../../../Documents/Oversample_x2_Cmod-A7/SRC/02_DATA_BUFFER/SDPRAM_SINGLECLK.v"/>
        <Attr Name="ImportTime" Val="1750492857"/>
        <Attr Name="UsedIn" Val="synthesis"/>
        <Attr Name="UsedIn" Val="implementation"/>
        <Attr Name="UsedIn" Val="simulation"/>
      </FileInfo>
    </File>
    <File Path="$PSRCDIR/sources_1/imports/SRC/04_FIR_COEF/SPROM.v">
      <FileInfo>
        <Attr Name="ImportPath" Val="$PPRDIR/../../../../../../../../Documents/Oversample_x2_Cmod-A7/SRC/04_FIR_COEF/SPROM.v"/>
        <Attr Name="ImportTime" Val="1750493391"/>
        <Attr Name="UsedIn" Val="synthesis"/>
        <Attr Name="UsedIn" Val="implementation"/>
        <Attr Name="UsedIn" Val="simulation"/>
      </FileInfo>
    </File>
    <File Path="$PSRCDIR/sources_1/imports/SRC/03_SPROM_CONT/SPROM_CONT.v">
      <FileInfo>
        <Attr Name="ImportPath" Val="$PPRDIR/../../../../../../../../Documents/Oversample_x2_Cmod-A7/SRC/03_SPROM_CONT/SPROM_CONT.v"/>
        <Attr Name="ImportTime" Val="1750526681"/>
        <Attr Name="UsedIn" Val="synthesis"/>
        <Attr Name="UsedIn" Val="implementation"/>
        <Attr Name="UsedIn" Val="simulation"/>
      </FileInfo>
    </File>
    <File Path="$PSRCDIR/sources_1/imports/SRC/Oversample_x2_CmodA7.v">
      <FileInfo>
        <Attr Name="ImportPath" Val="$PPRDIR/../../../../../../../../Documents/Oversample_x2_Cmod-A7/SRC/Oversample_x2_CmodA7.v"/>
        <Attr Name="ImportTime" Val="1755990642"/>
        <Attr Name="UsedIn" Val="synthesis"/>
        <Attr Name="UsedIn" Val="implementation"/>
        <Attr Name="UsedIn" Val="simulation"/>
      </FileInfo>
    </File>
    <File Path="$PSRCDIR/sources_1/imports/SRC/08_data/BUFFER_INIT.data">
      <FileInfo>
        <Attr Name="ImportPath" Val="$PPRDIR/../../../../../../../../Documents/Oversample_x2_Cmod-A7/SRC/08_data/BUFFER_INIT.data"/>
        <Attr Name="ImportTime" Val="1750489535"/>
        <Attr Name="UsedIn" Val="synthesis"/>
        <Attr Name="UsedIn" Val="simulation"/>
      </FileInfo>
    </File>
    <File Path="$PSRCDIR/sources_1/imports/SRC/08_data/FIR512.data">
      <FileInfo>
        <Attr Name="ImportPath" Val="$PPRDIR/../../../../../../../../Documents/Oversample_x2_Cmod-A7/SRC/08_data/FIR512.data"/>
        <Attr Name="ImportTime" Val="1750489535"/>
        <Attr Name="UsedIn" Val="synthesis"/>
        <Attr Name="UsedIn" Val="simulation"/>
      </FileInfo>
    </File>
    <Config>
      <Option Name="DesignMode" Val="RTL"/>
      <Option Name="TopModule" Val="Oversample_x2_CmodA7"/>
      <Option Name="TopAutoSet" Val="TRUE"/>
    </Config>
  </FileSet>
  <FileSet Name="constrs_in" Type="Constrs" RelSrcDir="$PSRCDIR/constrs_1" RelGenDir="$PGENDIR/constrs_1">
    <Filter Type="Constrs"/>
    <File Path="$PSRCDIR/constrs_1/imports/constrs_1/imports/digilent-xdc-master/Cmod-A7-Master.xdc">
      <FileInfo>
        <Attr Name="ImportPath" Val="D:/Document/Vitis/CMOD_A7/Oversample_x2_Cmod_A7/Oversample_x2_Cmod_A7.srcs/constrs_1/imports/digilent-xdc-master/Cmod-A7-Master.xdc"/>
        <Attr Name="ImportTime" Val="1737255123"/>
        <Attr Name="UsedIn" Val="synthesis"/>
        <Attr Name="UsedIn" Val="implementation"/>
      </FileInfo>
    </File>
    <File Path="$PSRCDIR/constrs_1/imports/constrs_1/imports/SRC/Oversample.sdc">
      <FileInfo>
        <Attr Name="ImportPath" Val="D:/Document/Vitis/CMOD_A7/Oversample_x2_Cmod_A7/Oversample_x2_Cmod_A7.srcs/constrs_1/imports/SRC/Oversample.sdc"/>
        <Attr Name="ImportTime" Val="1737528372"/>
        <Attr Name="UsedIn" Val="synthesis"/>
        <Attr Name="UsedIn" Val="implementation"/>
      </FileInfo>
    </File>
    <File Path="$PSRCDIR/constrs_1/imports/constrs_1/new/FIR_x2.xdc">
      <FileInfo>
        <Attr Name="ImportPath" Val="D:/Document/Vitis/CMOD_A7/Oversample_x2_Cmod_A7/Oversample_x2_Cmod_A7.srcs/constrs_1/new/FIR_x2.xdc"/>
        <Attr Name="ImportTime" Val="1737257074"/>
        <Attr Name="UsedIn" Val="synthesis"/>
        <Attr Name="UsedIn" Val="implementation"/>
      </FileInfo>
    </File>
    <Config>
      <Option Name="TargetConstrsFile" Val="$PSRCDIR/constrs_1/imports/constrs_1/new/FIR_x2.xdc"/>
      <Option Name="ConstrsType" Val="XDC"/>
    </Config>
  </FileSet>
  <FileSet Name="utils" Type="Utils" RelSrcDir="$PSRCDIR/utils_1" RelGenDir="$PGENDIR/utils_1">
    <Filter Type="Utils"/>
    <File Path="$PSRCDIR/utils_1/imports/synth_1/Oversample_x2_CmodA7.dcp">
      <FileInfo>
        <Attr Name="UsedIn" Val="synthesis"/>
        <Attr Name="UsedIn" Val="implementation"/>
        <Attr Name="UsedInSteps" Val="synth_1"/>
        <Attr Name="AutoDcp" Val="1"/>
      </FileInfo>
    </File>
    <Config>
      <Option Name="TopAutoSet" Val="TRUE"/>
    </Config>
  </FileSet>
  <Strategy Version="1" Minor="2">
    <StratHandle Name="Vivado Synthesis Defaults" Flow="Vivado Synthesis 2025"/>
    <Step Id="synth_design"/>
  </Strategy>
</GenRun>
